id,brand,car_model,type,desc,problem,datetime,status
514775,一汽-大众,速腾,2020款 280TSI DSG 舒适型 国VI,一汽大众速腾加速时异响4S店不处理,"B33,",2020-08-27,信息审核
514773,陆风汽车,陆风X5,2018款 1.5T 手动 创享版 Plus,陆风X5车身整体生锈存在质量问题,"H79,",2020-08-27,信息审核
514765,华晨宝马,宝马1系,2018款 改款 118i 运动型,华晨宝马1系座椅调节故障希望质保维修,"H169,",2020-08-27,信息审核
514764,东南汽车,翼神,2011款 1.8 手动 致尚版豪华型,东南三菱翼神无法换挡4S店拖延不处理,"I295,N318,",2020-08-27,信息审核
514763,东风风行,菱智,2017款 1.5L 豪华型 7座 V3,东风风行菱智方向机漏油 售后无零件,"D58,N318,",2020-08-27,处理反馈
514762,众泰汽车,众泰Z700,2016款 1.8T 手动 豪华型,众泰Z700发动机车轮异响厂家无人处理,"A9,G125,",2020-08-27,信息审核
514756,一汽-大众,速腾,2017款 230TSI 自动 舒适型,一汽大众速腾行驶过程中变速箱有异响,"B33,",2020-08-27,信息审核
514753,华晨中华,中华V7,2018款 280T DCT 尊贵型 5座,华晨中华V7天窗漏水 顶棚脱落 售后无配件,"H179,N318,",2020-08-27,信息审核
514751,东风本田,本田CR-V,2019款 240TURBO CVT 两驱 舒适版 国V,东风本田CR-V经销商销售旧款车型不解决,"I295,I293,M280,",2020-08-27,厂家受理
514749,东风日产,逍客,2016款 2.0L CVT 豪华版,东风日产逍客高速行驶过程中动力消失,"B334,",2020-08-27,信息审核
514743,一汽-大众,迈腾,2017款 330TSI DSG 豪华型,一汽大众迈腾变速箱无法提速动力消失,"B334,B84,",2020-08-27,信息审核
514736,吉利汽车,吉利icon,2020款 300T DCT 银河限量版,吉利icon售后维修导致线束损坏希望厂家处理,"J299,J304,",2020-08-27,信息审核
514728,广汽三菱,欧蓝德,2019款 2.0L 两驱 畅享版 5座 国VI,广汽三菱欧蓝德发动机抖动熄火 座椅生锈,"A24,A163,A14,A35,H79,H164,",2020-08-27,厂家受理
514725,奇瑞汽车,瑞虎8,2020款 290TGDI 自动 豪华版,奇瑞瑞虎8发动机失缸 大灯转向盲区大,"A24,H71,",2020-08-27,信息审核
514722,长城汽车,哈弗H6 Coupe,2018款 1.5T 自动 两驱 超豪型 红标,哈弗H6 Coupe前大灯进水厂家不予解决,"H88,",2020-08-27,处理反馈
514716,一汽-大众,探岳,2019款 380TSI 四驱 尊贵型 国VI,一汽大众探岳4S店退保险要求缴纳补偿金,"K307,",2020-08-27,信息审核
514714,一汽丰田,卡罗拉,2019款 1.2T S-CVT GL-i精英版,一汽丰田卡罗拉新车发动机异响不解决问题,"A9,A38,I295,I281,I292,",2020-08-27,信息审核
514712,一汽-大众奥迪,奥迪A3,2014款 Sportback 1.4T 双离合 进取型,一汽大众奥迪A3轮速传感器多次损坏,"E62,N317,",2020-08-27,信息审核
514711,一汽-大众,宝来,2018款 1.5L 自动 时尚型,一汽大众宝来锦湖轮胎开裂希望厂家处理,"F100,",2020-08-27,信息审核
514709,一汽-大众,探岳,2019款 380TSI 四驱 R-Line 国VI,一汽大众探岳定损更换右后轮眉厂家无货,"N318,",2020-08-27,信息审核
514708,华晨宝马,宝马3系,2020款 325Li 首发版,华晨宝马3系发动机热管理模块故障漏冷却液,"A37,A191,",2020-08-27,信息审核
514705,宝马（进口）,宝马X5,2020款 xDrive30i M运动套装,进口宝马X5新车车漆有划痕要求退还定金,"M284,",2020-08-27,信息审核
514704,一汽-大众,T-ROC探歌,2019款 280TSI DSG 两驱 舒适型 国VI,一汽大众T-ROC探歌两侧尾灯有裂纹,"H220,I282,",2020-08-27,信息审核
514702,吉利汽车,帝豪GL,2017款 1.3T 手动 精英型,吉利帝豪GL底盘生锈经销商不予质保,"H79,I297,",2020-08-27,信息审核
514700,领克汽车,领克01,2017款 2.0T 自动 两驱 型,领克01变速箱顿挫 刹车异响 倒车影像不显示,"A85,B19,E43,H134,H101,",2020-08-27,处理反馈
514696,东风日产,奇骏,2014款 2.5L XV CVT 四驱 至尊版,东风日产奇骏变速箱阀体故障存在安全隐患,"B84,",2020-08-27,信息审核
514694,东风本田,本田CR-V,2017款 240TURBO 自动 四驱 豪华版,东风本田CR-V上坡时出现溜车现象,"E74,",2020-08-27,处理反馈
514693,长安马自达,马自达3 昂克赛拉,2016款 1.5L 自动 豪华型 三厢,长安马自达昂克赛拉多媒体显示屏自然开裂,"H168,",2020-08-27,处理反馈
514689,众泰汽车,众泰T300,2018款 1.5L CVT 精英型,众泰T300起步时顿挫 倒车雷达时好时坏,"B19,H289,",2020-08-27,信息审核
514687,领克汽车,领克03,2019款 1.5TD DCT 劲版 国VI,领克03倒车影像失灵 中控及车门异响,"H134,H72,H93,J298,",2020-08-27,处理反馈
514685,上汽集团,锐腾,2016款 1.5TGI TST 豪华版,上汽名爵锐腾变速箱漏油一直无法解决,"B22,",2020-08-27,厂家受理
514684,上汽大众,朗逸,2018款 280TSI DSG 舒适版 国V,上汽大众朗逸蓄电池电压低发动机无法启动,"H146,",2020-08-27,信息审核
514683,海马汽车,海马S5青春版,2018款 1.6L CVT 豪华型,海马S5青春版天窗开关故障有异响现象,"H89,",2020-08-27,处理反馈
514681,广众汽车豪沃,豪沃,轻卡,广众汽车豪沃发动机故障灯亮电瓶报警,"A34,A160,H146,J298,",2020-08-27,信息审核
514680,众泰汽车,众泰T600,2015款 2.0T 自动 尊贵型,众泰T600空调不制冷变速箱挂D挡无法行驶,"B334,H101,",2020-08-27,信息审核
514675,宝沃汽车,宝沃BX7,2016款 28T 两驱 精英版 5座,宝沃BX7发动机漏防冻液要求厂家处理,"A37,",2020-08-27,处理反馈
514672,吉利汽车,博瑞,2021款 1.8T 领航版+,吉利博瑞4S店销售车辆无法按时交付,"I295,I293,I294,L312,",2020-08-27,处理反馈
514667,北京越野,北京BJ40,2018款 PLUS 2.3T 自动 四驱 旗舰型 国V,北京BJ40导航不精准而且导航无法升级,"H21,",2020-08-27,信息审核
514666,上汽大众,桑塔纳,2019款 1.5L 手动 风尚版 国VI,上汽大众桑塔纳天然气气管破裂4S店不解决,"H168,I297,",2020-08-27,信息审核
514665,东风标致,标致408,2018款 350THP 自动 豪华版 改款,东风标致408主驾驶侧车窗升降器损坏,"H67,",2020-08-27,处理反馈
514662,华晨宝马,宝马5系,2020款 530Li 尊享型 豪华套装,华晨宝马5系安全系统故障 娱乐系统故障,"H134,H170,",2020-08-27,信息审核
514658,长城汽车,哈弗M6,2018款 1.5T 手动 两驱 精英型,哈弗M6行驶时变速箱出现异常的响声,"B33,",2020-08-27,处理反馈
514657,东风标致,标致408,2016款 1.6T 自动 豪华版,东风标致408驾驶舱进水 车内异味明显,"H185,H109,",2020-08-27,处理反馈
514655,东风雪铁龙,雪铁龙C4L,2014款 1.8L 手动 智驱版 劲享型,东风雪铁龙C4L方向盘松动 高速抖动,"D80,D337,",2020-08-27,信息审核
514654,吉利汽车,帝豪GL,2017款 1.3T 自动 尊贵型,吉利帝豪GL保险盒烧毁希望厂家处理问题,"H110,I294,",2020-08-27,处理反馈
514650,一汽-大众,宝来,2019款 1.5L 手动 时尚型,一汽大众宝来正常使用车身漆面有起泡现象,"H81,",2020-08-27,信息审核
514649,奇瑞汽车,艾瑞泽5,2016款 1.5L 手动 领潮版,奇瑞艾瑞泽5大灯进水起雾车身多处生锈,"H79,H88,",2020-08-27,处理反馈
514648,江铃福特,领界,2019款 EcoBoost 145 CVT 尊领型 国VI,江铃福特领界蓄电池亏电导致发动机无法启动,"H146,",2020-08-27,处理反馈
514647,一汽-大众,迈腾,2019款 280TSI DSG 领先型 国VI,一汽大众迈腾变速箱异响顿挫4S店不予解决,"B33,B19,I295,",2020-08-27,信息审核
514646,东风标致,标致408,2018款 350THP 自动 豪华版 改款,东风标致408蓄电池亏电导致发动机无法启动,"H146,",2020-08-27,处理反馈
514645,大众（进口）,途锐,2018款 3.0TSI 荣耀 典藏版,进口大众途锐4S店维修配件有质量问题,"N317,",2020-08-27,信息审核
514644,一汽丰田,RAV4荣放,2020款 2.0L CVT 两驱 风尚版,一汽丰田RAV4荣放缴纳保险费后未上保险	售,"L313,",2020-08-27,信息审核
514642,海马汽车,海马8S,2019款 1.6TGDI 自动 智版,海马8S行驶时车身抖动严重希望尽快解决,"H268,",2020-08-27,用户评分
514641,上汽斯柯达,速派,2013款 1.4T DSG 绅仕版,斯柯达速派行驶中变速箱脱挡动力消失 ,"B246,",2020-08-27,信息审核
514622,一汽丰田,卡罗拉,2017款 1.2T S-CVT GL-i 改款,一汽丰田卡罗拉四个车门内侧有开裂的现象,"H168,",2020-08-27,信息审核
514618,一汽-大众奥迪,奥迪A4L,2019款 40 TFSI 进取型 国VI,一汽大众奥迪A4L变速器故障维修后异响,"B33,J300,",2020-08-27,信息审核
514615,奇瑞汽车,捷途X70,2020款 1.5T DCT 畅行版 6座,捷途X70行驶过程中两前减震器有异响,"G52,",2020-08-27,处理反馈
514613,东风日产,轩逸,2014款 1.6L XV CVT 尊享版,东风日产轩逸发动机故障 变速箱电脑故障,"A34,B115,",2020-08-27,信息审核
514611,江淮汽车,瑞风R3,2018款 1.6L CVT 豪华天窗型,江淮瑞风R3变速箱怠速异响希望尽快解决,"B33,",2020-08-27,处理反馈
514610,雷克萨斯,雷克萨斯ES,2018款 200 卓越版 国VI,雷克萨斯ES中控台异响多次维修未解决问题,"H93,",2020-08-27,厂家受理
514609,一汽-大众,高尔夫,2020款 挚爱版 280TSI DSG R-Line,一汽大众高尔夫经销商不退订金希望尽快处理,"K309,",2020-08-27,信息审核
514603,一汽丰田,亚洲龙,2019款 2.5L 进取版 国Ⅵ,一汽丰田亚洲龙发动机抖动熄火望厂家解决,"A24,A14,",2020-08-27,信息审核
514600,上汽大众,凌渡,2019款 280TSI DSG 舒适版 国VI,上汽大众凌渡4S店维修后仪表盘出现划痕,"I295,J300,",2020-08-27,信息审核
514597,东风风行,景逸X5,2017款 2.0L 手动 豪华型,东风风行景逸X5离合器分泵漏油严重,"C207,",2020-08-27,处理反馈
514595,奇瑞汽车,瑞虎8,2019款 1.6TGDI 自动 精英型,奇瑞瑞虎8氛围灯开裂希望尽快处理,"H168,",2020-08-27,处理反馈
514587,一汽-大众奥迪,奥迪Q3,2017款 35 TFSI 风尚型,一汽大众奥迪Q3轮速传感器故障希望厂家处理,"H234,",2020-08-27,信息审核
514585,东风悦达起亚,智跑,2019款 2.0L 自动 智享豪华版,起亚智跑4S店销售重复收取保险费用不退还,"I295,M315,",2020-08-27,厂家受理
514581,北京奔驰,奔驰GLB,2020款 GLB 200 动感型,北京奔驰GLB车内异响多次维修未解决,"H164,J298,",2020-08-27,信息审核
514579,东风标致,标致301,2014款 1.6L 手动 舒适版,东风标致301搭电后ABS泵故障希望处理,"E74,",2020-08-27,处理反馈
514571,上汽大众,朗逸,2019款 朗逸启航 1.5L 自动 风尚版 国VI,上汽大众朗逸经销商出售展车 强制购买保险,"I293,K325,M283,",2020-08-27,信息审核
514564,奇瑞捷豹路虎,发现神行,2016款 2.0T HSE,奇瑞路虎发现神行凸轮轴损伤发动机故障灯亮,"A34,",2020-08-27,处理反馈
514562,长城汽车,长城C50,2012款 1.5T 时尚型,长城C50发动机烧机油异响 涡轮增压器渗油,"A9,A12,A63,A189,",2020-08-27,处理反馈
514560,东风日产,逍客,2016款 2.0L CVT 精英版,东风日产逍客行驶顿挫变速箱报故障码,"B19,B96,",2020-08-27,信息审核
514559,DS汽车,DS 5LS,2015款 1.6T 雅致版THP160,DS 5LS发动机高温 节温器不能开启,"A191,",2020-08-27,信息审核
514554,长城汽车,哈弗H7,2016款 2.0T 精英型,哈弗F7变速箱报警无法挂入倒挡要求解决,"B96,B246,J298,J301,",2020-08-27,处理反馈
514550,东风乘用车,风神A60,2016款 1.4T 手动 尊贵型,东风风神A60经销商过度维修更换未受损配件,"J306,",2020-08-27,处理反馈
514549,吉利汽车,帝豪GS,2018款 1.4T 自动 领潮版 领尚智联型,吉利帝豪GS变速箱顿挫加速无力4S店不解决,"A114,B19,B334,I295,",2020-08-27,处理反馈
514544,奇瑞新能源,奇瑞eQ,2015款 舒适型,奇瑞eQ动力电池漏液4S店不予保修,"H343,I297,",2020-08-27,厂家受理
514542,东风标致,标致408,2014款 1.8L 自动 豪华版,东风标致408行驶中空调压缩机异响,"H101,",2020-08-27,处理反馈
514541,华晨宝马,宝马5系新能源,2020款 530Le 里程升级版 豪华套装,华晨宝马5系新能源发动机故障灯多次报警,"A34,A346,N318,",2020-08-27,信息审核
514535,长安汽车,奔奔EV,2017款 180公里 标准型,长安奔奔EV轻踩刹车时车轮抱死异响,"E270,",2020-08-27,信息审核
514525,中国重汽,豪沃,苍栏,中国重汽豪沃发动机无法启动缸盖损坏,"A44,",2020-08-27,信息审核
514524,东风日产,逍客,2017款 2.0L CVT 豪华版 国V,东风日产逍客变速箱顿挫挂挡困难希望质保,"B19,B20,",2020-08-27,用户评分
514521,沃尔沃亚太,沃尔沃S60,2015款 2.0T T5 智驭版,亚太沃尔沃S60油箱加油频繁跳枪影响使用,"H271,",2020-08-27,信息审核
514520,长安林肯,冒险家,2020款 2.0T 两驱 尊雅版,长安林肯冒险家车机黑屏转向灯失灵,"A44,D57,H202,",2020-08-27,信息审核
514519,吉利汽车,帝豪GS,2016款 1.3T 手动 领尚型 优雅版,吉利帝豪GS倒车影像摄像头进水不予质保,"A12,H134,H101,H67,I297,",2020-08-27,处理反馈
514516,东风日产,天籁,2020款 改款 2.0L XL 舒适版,东风日产天籁发动机与变速箱连接处漏油,"A12,B22,",2020-08-27,处理反馈
514509,东风标致,标致408,2018款 1.8L 自动 豪华版,东风标致408发动机烧机油要求尽快解决,"A63,",2020-08-27,处理反馈
514507,星途,星途TX,2019款 TXL 1.6T 两驱 钻石版,星途TX发动机启停故障电瓶亏电4S店不解决,"B96,B184,H146,H263,I295,",2020-08-27,信息审核
514505,一汽-大众,T-ROC探歌,2018款 280TSI DSG 两驱 豪华型 国VI,一汽大众探歌高压油泵异响希望厂家处理,"A9,",2020-08-27,处理反馈
514503,东风标致,标致408,2014款 1.8L 自动 豪华版,东风标致408颠簸路面行驶后桥异响,"G158,",2020-08-27,处理反馈
514501,东风标致,标致3008,2013款 1.6T 自动 THP至尚版,东风标致3008蓄电池充电或供电系统故障,"H110,",2020-08-27,处理反馈
514499,福田汽车,奥铃,2007款 BJ1049V8JEA-B,北汽福田奥铃发动机高温缺水维修后未解决,"A191,J298,",2020-08-27,信息审核
514496,东风乘用车,风神AX7,2019款 经典 230T 手动 精英型 国V,东风风神AX7刹车失灵希望厂家解决处理,"E29,I295,I293,",2020-08-27,处理反馈
514494,上汽大众,朗逸,2013款 1.6L 自动 风尚版 改款,上汽大众朗逸车内异味严重要求厂家解决,"H185,",2020-08-27,处理反馈
514491,广汽丰田,雷凌,2019款 双擎 1.8H E-CVT 豪华版 国VI,广汽丰田雷凌USB提示拔出蓝牙音乐卡顿,"H155,H110,I295,I293,I281,",2020-08-27,信息审核
514490,一汽-大众,迈腾,2013款 1.8TSI 尊贵型,一汽大众迈腾车内异味更换隔音棉后未解决,"H185,",2020-08-27,处理反馈
514486,吉利汽车,帝豪GL,2018款 1.8L 自动 精英智联型,吉利帝豪GL变速箱顿挫严重 车内异响,"B19,H185,",2020-08-27,信息审核
514484,奥迪（进口）,奥迪Q8,2019款 45 TFSI 豪华致雅型,奥迪Q8行驶中天窗异响要求尽快处理,"H89,",2020-08-27,信息审核
514481,广汽丰田,雷凌,2019款 185T CVT 尊享版 国VI,广汽丰田雷凌转向异响存在严重质量问题,"D59,",2020-08-27,信息审核
514480,北汽银翔,幻速S3L,2016款 1.5L 尊享型,北汽幻速S3L低速行驶底盘异响希望厂家解决,"G56,O326,",2020-08-27,信息审核
514479,众泰汽车,大迈X7,2017款 1.8T 手动 尊贵型,众泰大迈X7终身保养承诺不兑现,"L314,",2020-08-27,信息审核
514477,猎豹汽车,Mattu,2018款 1.6T GDI DCT 尊贵型,猎豹Mattu变速箱无动力输出ESC系统报警,"A34,B334,E74,I294,",2020-08-27,信息审核
514474,华晨宝马,宝马5系新能源,2018款 530Le 豪华套装,华晨宝马5系新能源高压电池频繁出现故障,"H343,",2020-08-27,处理反馈
514472,上汽大众,朗逸,2017款 1.6L 手动 舒适版,上汽大众朗逸车内异味持续存在无法去除,"H185,",2020-08-27,处理反馈
514471,华晨宝马,宝马X1,2020款 sDrive20Li 时尚型,华晨宝马X1踩油门电流声很大要求解决,"A9,",2020-08-27,信息审核
514467,SWM斯威汽车,SWM斯威X7,2016款 1.5T 豪华型,斯威X7远程控制无法使用 坡道辅助功能缺失,"H155,O348,",2020-08-27,厂家受理
514462,一汽-大众,速腾,2015款 230TSI  自动 豪华型,一汽大众速腾变速箱行驶过程中异响,"B33,",2020-08-26,处理反馈
514458,长城汽车,炮,2019款 2.0T 商用版 手动 四驱 精英型 长箱 GW4D20M 柴油,长城炮低速四驱分动箱严重异响 4S店不解决,"H86,I295,",2020-08-26,处理反馈
514455,上汽集团,锐腾,2016款 1.5TGI TST 精英版,上汽名爵锐腾变速箱换挡不顺畅顿挫严重,"B19,B20,",2020-08-26,用户评分
514454,东风日产,轩逸,2019款 1.6XL CVT 豪华版 经典,东风日产轩逸4S店销售人员强制搭售,"K325,",2020-08-26,处理反馈
514447,上汽大众,朗逸,2017款 1.6L 自动 舒适版,上汽大众朗逸车内异味严重要求厂家解决,"H185,",2020-08-26,处理反馈
514444,众泰汽车,众泰T600 Coupe,2017款 1.5T 自动 尊贵型,众泰T600 Coupe排气管漏气厂家无配件,"H31,N318,",2020-08-26,信息审核
514442,一汽丰田,普拉多,2019款 3.5L 自动 TX-L尊享版 后挂备胎,一汽丰田普拉多座椅骨架生锈4S店不予解决,"H79,I295,I282,I281,",2020-08-26,信息审核
514440,上汽大众,朗逸,2017款 1.6L 手动 舒适版,上汽大众朗逸一键启动无法使用4S店不解决,"H240,I295,",2020-08-26,处理反馈
514433,上汽集团,荣威350,2013款 1.5L 手动 迅驰版  350S,上汽荣威350正时链条拉长要求解决,"A24,A34,A163,A45,",2020-08-26,处理反馈
514431,广汽菲克菲亚特,菲翔,2013款 1.4T  周年纪念版,广汽菲亚特菲翔变速箱故障导致不能挂倒挡,"B20,",2020-08-26,厂家受理
514427,一汽-大众,宝来,2020款 1.5L 自动 舒适型,一汽大众宝来4S店销售问题车要求处理,"M284,",2020-08-26,处理反馈
514426,星途,星途LX,2019款 1.6T DCT 星尊版,星途LX后备箱饰板与密封胶条处有瑕疵不贴合,"H168,",2020-08-26,信息审核
514425,一汽-大众,高尔夫,2015款 1.4TSI 自动 舒适型,一汽大众高尔夫飞轮生锈导致运转时异响,"A9,",2020-08-26,信息审核
514424,长城汽车,哈弗H2,2016款 1.5T 手动 两驱精英型,哈弗H2高速行驶时车辆出现自燃的现象,"H40,",2020-08-26,处理反馈
514423,上汽通用五菱,五菱宏光,2016款 1.5L 舒适型 S,上汽通用五菱宏光车门出现生锈的现象,"H79,",2020-08-26,处理反馈
514421,上汽大众,朗逸,2013款 1.6L 手动 风尚版,上汽大众朗逸自购车起车内一直存在异味,"H185,",2020-08-26,处理反馈
514420,一汽-大众,迈腾,2017款 330TSI DSG 领先型,一汽大众迈腾变速箱机电控制单元故障,"B96,B84,",2020-08-26,处理反馈
514419,江铃福特,领界,2019款 EcoBoost 145 CVT 铂领型 国VI,江铃福特领界电瓶亏电导致发动机无法启动,"H146,",2020-08-26,处理反馈
514417,东风日产,轩逸,2019款 1.6XL CVT 豪华版 经典,东风日产轩逸加速行驶时变速箱顿挫有异响,"B33,B19,",2020-08-26,信息审核
514416,华晨中华,中华V7,2018款 280T DCT 尊贵型 5座,中华V7车辆解锁时四门玻璃自动下降,"H67,H197,",2020-08-26,信息审核
514410,一汽-大众,速腾,2019款 280TSI DSG 舒适型 国VI,一汽大众速腾行驶过程中发动机熄火,"A14,",2020-08-26,信息审核
514408,福田汽车,欧马可,2007款 欧马可N BJ1049V8PD6-3,福田欧马可油箱变形 液位传感器故障,"H271,H234,",2020-08-26,信息审核
514406,广汽本田,飞度,2014款 1.5L 手动 LX舒适型,广汽本田飞度启动时异响希望尽快处理,"A9,",2020-08-26,处理反馈
514397,长安马自达,马自达3 昂克赛拉,2016款 1.5L 手动 豪华型 三厢,长安马自达昂克赛拉中控屏幕边缘开裂,"H168,",2020-08-26,处理反馈
514396,奇瑞汽车,捷途X70,2018款 1.5T 手动 悦行版,捷途X70车身生锈天窗漏水离合踏板脚垫开裂,"H79,H168,H109,H90,",2020-08-26,用户评分
514394,广汽本田,冠道,2017款 370TURBO 自动 两驱 豪华版,广汽本田冠道后备箱左侧严重漏水,"H109,",2020-08-26,用户评分
514386,上汽通用五菱,五菱宏光V,2019款 1.5L 劲取版 L2B,上汽通用五菱宏光V变速箱异响希望厂家处理,"B33,",2020-08-26,处理反馈
514385,一汽-大众,宝来,2020款 1.5L 自动 舒适型,一汽大众宝来经销商出售问题车尾灯有色差,"M284,",2020-08-26,处理反馈
514382,上汽集团,锐腾,2016款 1.5TGI 手动 超值版,上汽名爵锐腾变速箱顿挫换挡异响严重,"B33,B19,",2020-08-26,处理反馈
514379,东风日产,轩逸,2018款 1.6XV CVT 尊享版,东风日产轩逸变速箱顿挫异响希望厂家处理,"B33,B19,",2020-08-26,处理反馈
514376,广汽丰田,YARiS L 致炫,2019款 1.5E CVT 魅动版 国VI,广汽丰田致炫行驶中方向盘无法自动回正,"D154,",2020-08-26,信息审核
514375,一汽红旗,红旗H5,2019款 30TD 智联灵动版,一汽红旗H5行驶中方向跑偏四轮定位未解决,"G117,",2020-08-26,信息审核
514374,广汽丰田,凯美瑞,2007款 240G 豪华版,广汽丰田凯美瑞中控台开裂发动机烧机油,"A63,H176,",2020-08-26,信息审核
514372,一汽-大众,高尔夫,2015款 1.6L 自动 舒适型,一汽大众高尔夫仪表提示变速箱故障灯亮,"B96,",2020-08-26,信息审核
514371,北京越野,北京BJ20,2016款 1.5T CVT 尊贵型,北京BJ20车门空调压缩机异响希望厂家处理,"E159,H101,H72,",2020-08-26,信息审核
514368,一汽-大众奥迪,奥迪A4L,2019款 40 TFSI 时尚型 国VI,一汽大众奥迪A4L变速箱阀体有故障,"B33,B19,B84,",2020-08-26,信息审核
514367,江铃福特,领界,2019款 EcoBoost 145 CVT 铂领型 国V,江铃福特领界自动启停功能无法使用轮毂腐蚀,"H243,H263,",2020-08-26,处理反馈
514365,上汽大众,桑塔纳,2017款 1.6L 手动 风尚型 Cross,上汽大众桑塔纳车辆自燃导致严重损失,"H40,",2020-08-26,处理反馈
514360,广汽三菱,欧蓝德,2019款 2.0L 两驱 畅享版 5座 国VI,广汽三菱欧蓝德抖动顿挫噪音大 厂家不解决	,"A38,B19,",2020-08-26,厂家受理
514357,北京现代,领动,2020款 1.4T 双离合 炫动·活力型,北京现代领动方向盘凸起 锦湖轮胎鼓包,"F39,H157,",2020-08-26,信息审核
514356,君马汽车,君马S70,2018款 1.5T 自动 豪华型 5座,君马S70大灯进水 电瓶亏电 方向机故障,"D265,H146,H88,",2020-08-26,信息审核
514354,奇瑞汽车,风云2,2013款 1.5L 手动 锐意版 两厢,奇瑞风云2后轮吃胎偏磨影响安全行驶,"G245,",2020-08-26,处理反馈
514345,奇瑞汽车,瑞虎8,2019款 1.6TGDI 自动 尊贵型,奇瑞瑞虎8车身漏水导致泡水希望处理,"H109,",2020-08-26,处理反馈
514343,一汽丰田,普拉多,2018款 3.5L 自动 TX-L 后挂备胎,一汽丰田普拉多发动机无法启动 承诺不兑现,"A44,L313,",2020-08-26,信息审核
514342,广汽丰田,凯美瑞,2016款 2.0G 自动 十周年纪念领先版,广汽丰田凯美瑞方向盘脱皮存在质量问题,"H168,",2020-08-26,用户评分
514338,东风本田,本田CR-V,2019款 240TURBO CVT 两驱 风尚版 国V,东风本田CR-V主驾驶门内饰板异响,"H72,",2020-08-26,用户评分
514337,沃尔沃（进口）,沃尔沃XC90,2020款 改款 T6 智逸豪华版 7座,沃尔沃XC90低频噪音高达97分贝,"H268,",2020-08-26,信息审核
514334,一汽-大众,探岳,2019款 330TSI 两驱 豪华型 国Ⅵ,一汽大众探岳行驶时左前悬架出现异响,"G204,",2020-08-26,处理反馈
514333,广汽三菱,欧蓝德,2017款 2.0L 两驱 荣耀版 5座,广汽三菱欧蓝德方向盘不正行驶跑偏,"D154,G117,",2020-08-26,厂家受理
514329,长城汽车,哈弗H2,2014款 1.5T 手动 两驱精英版 5座,哈弗H2开启空调后发动机抖动异响严重,"A9,A24,",2020-08-26,用户评分
514326,东风日产,逍客,2016款 2.0L CVT 精英版,东风日产逍客变速箱颤抖 换挡缓慢 加油不走,"B20,B95,B334,",2020-08-26,处理反馈
514322,东风标致,标致308,2013款 1.6L 自动 优尚型,东风标致308真皮座椅破损空调拨片损坏,"H101,H168,H169,H121,",2020-08-26,处理反馈
514320,奇瑞汽车,瑞虎8,2018款 1.5TCI 自动 豪华型 5座,奇瑞瑞虎8变速箱顿挫 刹车前冲,"B19,E196,",2020-08-26,处理反馈
514319,北京现代,索纳塔九,2015款 1.6T 双离合 GLS智能型,北京现代索纳塔九质保期内真皮座椅破裂,"H168,I297,",2020-08-26,信息审核
514316,一汽解放,虎VH,轻卡,一汽解放虎VH发动机水温高维修未解决,"A191,",2020-08-26,信息审核
514314,奇瑞新能源,奇瑞eQ1,2019款 小蚂蚁 智享版 4座 30.6kWh,奇瑞eQ1车门漆面起皮要求厂家解决,"H81,",2020-08-26,厂家受理
514311,众泰汽车,众泰SR9,2017款 2.0T 自动 极致之心版,众泰SR9变速箱挂挡后车辆无法行驶,"B334,",2020-08-26,信息审核
514307,众泰汽车,众泰E200,2018款 Pro,众泰E200电控故障厂家无配件无法维修,"A346,N318,",2020-08-26,信息审核
514306,上汽大众,途观,2016款 280TSI 自动 两驱 丝绸之路舒适版,上汽大众途观转向机异响4S店不予保修,"D59,L310,",2020-08-26,处理反馈
514304,东风日产,阳光,2011款 1.5L CVT XE 舒适版,东风日产阳光变速箱报P0846故障码,"B84,",2020-08-26,处理反馈
514303,广汽丰田,凯美瑞,2019款 改款 2.5G 豪华版,广汽丰田凯美瑞发动机怠速不稳仪表指针抖动,"A35,H202,",2020-08-26,处理反馈
514301,华晨宝马,宝马X1,2016款 sDrive18Li 尊享型,华晨宝马X1冷启动时怠速不稳希望厂家处理,"A35,",2020-08-26,信息审核
514296,江淮汽车,瑞风S3,2016款 1.5L 手动 豪华智能尊享版,江淮瑞风S3正常使用防冻液减少查不出原因,"A37,",2020-08-26,处理反馈
514293,华晨宝马,宝马1系,2018款 118i 运动型,华晨宝马1系车辆出险正面碰撞气囊未弹出,"H55,",2020-08-26,信息审核
514291,沃尔沃亚太,沃尔沃XC40,2020款 T4 四驱 智远 运动版,亚太沃尔沃XC40购车时厂家赠送的礼包未兑现,"L313,",2020-08-26,信息审核
514288,上汽大众,途岳,2020款 280TSI 两驱 豪华版PLUS 国VI,上汽大众途岳涡轮增压器接口严重生锈,"H79,",2020-08-26,处理反馈
514287,一汽-大众,探岳,2019款 330TSI 四驱 豪华型 国Ⅵ,一汽大众探岳大灯透镜发白影响照明,"H82,",2020-08-26,用户评分
514286,一汽-大众,迈腾,2019款 330TSI DSG 领先型 国V,一汽大众迈腾发动机多次熄火4S店无法解决,"A14,J298,J300,",2020-08-26,处理反馈
514278,吉利汽车,帝豪GL,2017款 1.8L 手动 精英型,吉利帝豪GL机盖拉线断裂要求给予解决,"H197,",2020-08-26,处理反馈
514276,一汽-大众,探岳,2020款 330TSI 两驱 豪华智联版,大众探岳低速行驶变速箱异响4S店无法解决,"B33,I295,",2020-08-26,处理反馈
514268,上汽大众,桑塔纳,2019款 1.5L 自动 风尚版 国VI,大众桑塔纳远光灯亮度低启停系统设计不合理,"H82,Q322,",2020-08-26,处理反馈
514266,东风日产,奇骏,2017款 2.0L CVT 舒适版 5座 2WD,东风日产奇骏天窗排水管堵塞导致漏水,"H90,",2020-08-26,处理反馈
514259,北汽银翔,幻速S6,2017款 1.5T 手动 智能型,北汽幻速S6发动机噪音大后视镜漆面变色,"A38,H201,H211,N318,O326,",2020-08-26,信息审核
514258,北京现代,领动,2016款 1.6L 自动 智炫·精英型,北京现代领动ABS故障灯报警时速表跳动,"E74,E62,H202,",2020-08-26,信息审核
514241,大众（进口）,夏朗,2017款 380TSI 旗舰型 7座,进口大众夏朗ABS泵损坏导致故障灯亮,"E74,",2020-08-26,信息审核
514236,北汽昌河,北汽昌河M50S,2019款 1.4L 商务舱 K14B-F 改款,北汽昌河M50S发动机无法提速4S店无配件,"A9,A24,A160,J298,N320,",2020-08-26,处理反馈
514231,东风乘用车,风神AX4,2018款 1.6L DCT 潮尚型 天窗版,东风风神AX4刹车盘生锈严重要求解决,"E42,",2020-08-26,处理反馈
514224,东风裕隆,优6 SUV,2015款 2.0T 智尊型,纳智捷优6 SUV发动机无法提速要求处理,"A9,A160,L314,",2020-08-26,厂家受理
514222,一汽丰田,亚洲龙,2019款 2.0L XLE 尊享版 国VI,一汽丰田亚洲龙变速箱异响希望厂家处理问题,"B33,",2020-08-26,信息审核
514221,上汽大众,途岳,2020款 280TSI 两驱 豪华版 国VI,上汽大众途岳后风挡出现裂痕4S店不予解决,"H113,I295,I281,",2020-08-26,处理反馈
514220,广汽本田,凌派,2019款 180Turbo CVT 舒适版 国VI,广汽本田凌派左后车窗突然爆裂厂家不保修,"H113,",2020-08-26,处理反馈
514208,华晨宝马,宝马5系,2020款 530Li 领先型 M运动套装,华晨宝马5系天窗B柱异响 底盘转向异响,"D59,G56,H15,H89,H82,",2020-08-26,信息审核
514206,上汽通用五菱,五菱宏光,2018款 1.5L S 经典款 基本型,上汽通用五菱宏光起步时变速箱异响,"B33,",2020-08-26,用户评分
514202,广汽本田,冠道,2017款 240TURBO CVT 两驱 精英版,广汽本田冠道发动机启动及过坑洼路面异响,"A9,",2020-08-26,处理反馈
514201,吉利新能源,星越新能源,2019款 400T 耀星者 纯电动续航56KM,吉利星越新能源车机互联功能失效,"H155,",2020-08-26,处理反馈
514199,一汽-大众,探岳GTE,2020款 1.4T 豪华型,一汽大众探岳GTE充电故障4S店补贴不兑现,"H340,I295,I293,L313,O353,",2020-08-26,处理反馈
514196,东风日产,奇骏,2019款 2.0L CVT 智联舒适版 5座 2WD,东风日产奇骏发动机噪音大自动熄火,"A38,A14,",2020-08-26,处理反馈
514191,一汽-大众,速腾,2018款 280TSI DSG熠动版,一汽大众速腾后部悬挂高度低希望厂家处理,"G204,",2020-08-26,处理反馈
514187,一汽-大众,CC,2020款 330TSI 魅颜版 国V,一汽大众CC首保后发动机漏油 4S店不回复,"A12,I282,",2020-08-26,处理反馈
514186,东风标致,标致508,2015款 1.6THP 自动 致臻版,东风标致508进气管连接处严重受损,"H168,",2020-08-26,处理反馈
514184,一汽-大众,高尔夫,2016款 1.6L  自动 舒适型,一汽大众高尔夫变速箱故障灯报警要求处理,"B96,B184,",2020-08-26,用户评分
514174,广汽丰田,雷凌,2019款 185T CVT 豪华版 国V,广汽丰田雷凌转向异响4S店无法解决,"D59,",2020-08-26,处理反馈
514168,一汽-大众,迈腾,2019款 280TSI DSG 领先型 国V,一汽大众迈腾变速箱漏油希望厂家质保处理,"B22,",2020-08-26,处理反馈
514167,御捷新能源,御捷E驰,2017款 标准型,御捷E驰动力电池故障导致无法正常行驶,"H343,",2020-08-26,信息审核
514165,东风雷诺,雷诺e诺,2019款 e尚型,东风雷诺e诺厂家无配件导致无法维修车辆,"N318,",2020-08-26,信息审核
514163,北京现代,胜达,2013款 2.0T 自动 四驱 顶级型 TOP,北京现代胜达电子手刹抱死无法释放,"E159,",2020-08-26,信息审核
514159,东风启辰,启辰e30,2020款 精睿版,启辰e30空调制冷效果差维修未解决问题,"H101,",2020-08-26,信息审核
514157,一汽大众,捷达VS5,2019款 280TSI 自动 悦享型,捷达VS5涡轮增压器与车门铰链生锈,"H79,H109,",2020-08-26,处理反馈
514156,东风标致,标致308,2019款 230THP 自动 豪华版 国VI,东风标致308变速箱升挡异响希望厂家解决,"B33,",2020-08-26,处理反馈
514149,一汽-大众奥迪,奥迪A4L,2016款 2.0T CVT 舒适型 典藏版,一汽大众奥迪A4L发动机气门弹簧断裂,"A251,",2020-08-26,信息审核
514147,一汽大众,捷达VS5,2019款 280TSI 自动 悦享型,捷达VS5玲珑轮胎开裂希望厂家处理,"F100,",2020-08-26,信息审核
514140,上汽集团,名爵3,2013款 1.5L AMT 豪华版,上汽名爵3变速箱拨插头断裂希望厂家质保,"B77,H168,",2020-08-26,用户评分
514137,上汽大众,途观L,2017款 330TSI 两驱 旗舰版,上汽大众途观L车顶行李架变形天窗漏水,"H90,H179,",2020-08-26,处理反馈
514136,北京现代,悦纳,2020款 1.4L 手动 青春版GS,北京现代悦纳后保险杠车漆有凹凸感不光滑,"H81,I295,",2020-08-26,信息审核
514133,一汽-大众,速腾,2018款 1.6L 自动 舒适型,一汽大众速腾行驶过程中天窗和后轮出现异响,"G125,H89,",2020-08-26,用户评分
514132,上汽斯柯达,柯迪亚克GT,2019款 TSI330 两驱 豪华版 国VI,斯柯达柯迪亚克GT方向盘和油门抖动,"A174,D80,",2020-08-26,信息审核
514131,一汽-大众,迈腾,2019款 330TSI DSG 豪华型 国VI,一汽大众迈腾大灯进水4S店不予解决,"H88,",2020-08-26,信息审核
514128,宝沃汽车,宝沃BX5,2020款 20TGDI 自动 两驱新锐型,宝沃BX5冷车启动有异响希望尽快解决,"A9,",2020-08-26,处理反馈
514127,一汽-大众奥迪,奥迪Q5L,2020款 40 TFSI 荣享时尚型,一汽大众奥迪Q5L网关不防水设计有隐患,"Q322,",2020-08-26,信息审核
514126,华晨宝马,宝马3系,2020款 325i M运动套装,华晨宝马3系开空调时空气进气格栅异响,"H15,",2020-08-26,信息审核
514123,北京奔驰,奔驰C级,2019款 C 180 L 时尚型,北京奔驰C级发动机冷却液温度高,"A191,J298,",2020-08-26,信息审核
514118,一汽-大众,探岳,2019款 330TSI 两驱 豪华型Plus 国VI,一汽大众探岳座椅晃动异响有安全隐患,"H164,H169,",2020-08-26,用户评分
514115,东风标致,标致3008,2015款 2.0L 自动 潮流版,东风标致3008蓄电池充电或供电系统故障,"H110,",2020-08-26,处理反馈
514112,华晨宝马,宝马3系,2019款 320i M运动套装,华晨宝马3系右后尾灯卡扣断裂而且松动,"H220,",2020-08-26,信息审核
514111,陆风汽车,陆风X7,2015款 2.0T 全景尊享版,陆风X7变速箱挂挡顿挫 有时无法加速,"B19,B334,B84,",2020-08-26,信息审核
514110,一汽-大众,宝来,2020款 1.5L 自动 精英型,一汽大众宝来首保后行驶过程中顿挫,"B19,",2020-08-26,处理反馈
514105,东风日产,劲客,2017款 1.5L CVT 智领版,东风日产劲客副驾驶玻璃升降功能异常,"H67,H179,",2020-08-26,处理反馈
514104,吉利汽车,帝豪GL,2017款 1.3T 自动 精英型,吉利帝豪GL发动机漏油 减震器漏油,"A12,G25,",2020-08-26,处理反馈
514103,江淮汽车,江淮iEV6E,2017款 iEV6E,江淮iEV6E厂家无法提供DCDC配件进行更换,"A346,I294,N318,",2020-08-26,处理反馈
514100,吉利汽车,帝豪GL,2017款 1.8L 手动 精英型,吉利帝豪GL更换离合器泵后抖动气囊故障灯亮,"C87,H103,",2020-08-26,用户评分
514099,比亚迪,比亚迪S2,2019款 耀·舒适型,比亚迪S2行驶中动力电池突然没电要求解决,"H343,",2020-08-26,处理反馈
514098,东风标致,标致3008,2018款 2.0L 自动 经典版,东风标致3008右前转向球头变形要求解决,"D57,",2020-08-26,处理反馈
514096,长城汽车,哈弗M6,2018款 1.5T 手动 两驱 精英型,哈弗M6雨刷器无法使用影响行车安全,"H60,J298,",2020-08-26,处理反馈
514095,广汽三菱,欧蓝德,2018款 2.4L 四驱 精英版 5座,广汽三菱欧蓝德主驾座椅晃动4S店无法解决,"H169,I294,J298,",2020-08-26,厂家受理
514085,长城汽车,WEY VV5,2019款 2.0T 两驱 升级款超豪型 国V,WEY VV5变速箱异响发动机共振希望厂家处理,"A24,B33,B19,D80,",2020-08-26,信息审核
514081,北京现代,领动,2019款 1.4T 双离合 炫动·活力型,北京现代领动离合器变速箱异响频繁无倒挡,"B33,B246,C65,",2020-08-26,信息审核
514080,一汽-大众奥迪,奥迪A6L,2020款 55 TFSI quattro 尊享动感型,一汽大众奥迪A6L新车仪表台开裂,"H168,M284,",2020-08-26,信息审核
514078,一汽-大众,探岳,2019款 330TSI 两驱 豪华型 国Ⅵ,一汽大众探岳大灯亮度低中控台和顶棚异响,"H164,H93,H82,",2020-08-26,处理反馈
514075,一汽-大众奥迪,奥迪A4L,2019款 40 TFSI 时尚型 国VI,一汽大众奥迪A4L高速行驶时变速器故障灯亮,"B96,B84,",2020-08-26,信息审核
514074,东风日产,楼兰,2017款 2.5T S/C HEV XE 四驱 混动尊尚版,东风日产楼兰油电切换时变速箱顿挫异响,"A9,B33,B19,",2020-08-26,处理反馈
514072,东风标致,标致408,2014款 1.8L 自动 豪华版,东风标致408固特异轮胎出现开裂的现象,"F100,",2020-08-26,处理反馈
514071,广汽本田,雅阁,2006款 2.4 自动 豪华版,广汽本田雅阁远光灯无法关闭要求处理,"H71,",2020-08-26,处理反馈
514067,丰田（进口）,普拉多（进口）,2014款 2.7L 自动 豪华版 7座,进口丰田普拉多发动机号与登记证不一致,"O353,",2020-08-26,信息审核
514065,东风日产,轩逸,2019款 1.6XL CVT 豪华版 经典,东风日产轩逸变速箱故障4S店维修后未解决,"B96,B334,J298,",2020-08-26,用户评分
514064,北汽新能源,北汽新能源EX,2018款 EX360 新尚版,北汽新能源EX行驶跑偏 电池续航不准,"G117,H344,J298,K307,",2020-08-26,处理反馈
514061,东风本田,本田XR-V,2017款 1.5L LXi CVT 经典版,东风本田XR-V更换电磁阀后加速异响,"B33,",2020-08-26,用户评分
514060,东风日产,轩逸,2012款 1.6L XL CVT 豪华版,东风日产轩逸发动机异响 玻璃升降失效,"A9,H89,H67,H192,",2020-08-26,处理反馈
514058,长安汽车,长安欧尚CX70,2017款 CX70T 1.5T 手动 豪擎版 改款,长安欧尚CX70发动机无法启动希望厂家解决,"A44,",2020-08-26,信息审核
514051,一汽-大众,探岳,2020款 280TSI 两驱 豪华智联版,一汽大众探岳变速箱顿挫升降挡异响,"B33,B19,",2020-08-26,处理反馈
514040,东风日产,奇骏,2019款 2.0L CVT 智联舒适版 5座 2WD,东风日产奇骏C柱漏水希望厂家解决处理,"H109,",2020-08-26,处理反馈
514038,一汽-大众,速腾,2019款 280TSI DSG 舒适型 国VI,一汽大众速腾大灯发白亮度低影响行车安全,"H82,",2020-08-26,用户评分
514036,东风日产,轩逸,2019款 1.6XE CVT 舒适版 经典,东风日产轩逸机舱内前悬挂塔顶积水生锈,"H79,",2020-08-26,处理反馈
514035,一汽-大众奥迪,奥迪A6L新能源,2020款 55 TFSI e quattro,一汽大众奥迪A6L新能源新车发动机漏机油,"A12,",2020-08-26,信息审核
514033,一汽大众,捷达VS5,2019款 280TSI 手动 进取型,一汽大众捷达VS5变速箱打齿异响,"B33,",2020-08-26,处理反馈
514031,广汽丰田,凯美瑞,2019款 2.0G 豪华版 国V,广汽丰田凯美瑞主动刹车不灵敏 仪表不准确,"H202,H170,",2020-08-25,处理反馈
514030,长安汽车,长安CS85 COUPE,2019款 2.0T 自动 品版 国V,长安CS85 COUPE减震器漏油 车门异响,"G25,G210,H72,I295,",2020-08-25,厂家受理
514028,众泰汽车,众泰T300,2017款 1.5T CVT 尊享型,众泰T300售后服务站不予保修要求解决,"I297,",2020-08-25,信息审核
514023,海马汽车,海马M6,2015款 1.5T 手动 豪华型,海马M6车身多处生锈希望厂家处理问题,"H79,",2020-08-25,处理反馈
514022,吉利汽车,帝豪GS,2019款 1.4T CVT 雅,吉利帝豪GS承诺退订金未兑现希望厂家处理,"K309,",2020-08-25,处理反馈
514018,广汽丰田,雷凌,2021款 185T CVT 豪华版,广汽丰田雷凌车身色差严重要求给予处理,"H201,",2020-08-25,处理反馈
514017,上汽大众,凌渡,2019款 230TSI DSG 风尚版 国V,上汽大众凌渡变速箱拖挡顿挫异响严重,"A9,A35,B33,B19,",2020-08-25,处理反馈
514011,北京现代,领动,2019款 1.4T 双离合 炫动·活力型,北京现代领动行驶中变速箱有拖挡现象,"B69,",2020-08-25,信息审核
514002,一汽-大众,迈腾,2020款 330TSI DSG 豪华型,一汽大众迈腾新车车身漏水要求给予处理,"H109,",2020-08-25,处理反馈
514001,猎豹汽车,Mattu,2018款 1.6T GDI DCT 精英型,猎豹Mattu变速箱无法加速4S店退网无售后,"B334,O326,",2020-08-25,信息审核
513996,Jeep（进口）,自由客,2014款 2.0L CVT 运动增强版 5座,进口Jeep自由客车内异味严重要求厂家解决,"H185,",2020-08-25,厂家受理
513994,一汽-大众,迈腾,2015款 1.8TSI 豪华型,一汽大众迈腾车内存在刺鼻的异味,"H185,",2020-08-25,处理反馈
513992,东风裕隆,优6 SUV,2015款 1.8T 智尊型,纳智捷优6 SUV厂家召回却一直没有货,"N318,",2020-08-25,厂家受理
513987,江淮汽车,瑞风S7,2017款 2.0T 手动 豪华型,江淮瑞风S7冷车刹车时出现异响,"E43,",2020-08-25,用户评分
513977,东风标致,标致308,2014款 乐享版 经典 1.6L 自动 优尚型,东风标致308方向盘抖动间隙大影响安全,"D337,",2020-08-25,信息审核
513976,东风本田,INSPIRE,2019款 锐·混动 2.0L 净越版 国V,东风本田INSPIRE转向异响多次维修未解决,"D59,",2020-08-25,用户评分
513975,上汽大众,朗逸,2019款 1.5L 自动 舒适版 国VI,上汽大众朗逸厂家提供赠送积分活动未兑现,"L313,",2020-08-25,处理反馈
513969,一汽-大众,高尔夫,2015款 1.6L 自动 舒适型,一汽大众高尔夫车内隔音棉异味无法解决,"H185,",2020-08-25,处理反馈
513966,一汽奔腾,奔腾X40,2018款 1.6L 自动 互联智享型 网红版,一汽奔腾X40发动机缸盖维修更换后漏油,"A12,A24,",2020-08-25,处理反馈
513965,广汽本田,皓影,2020款 240TURBO CVT 两驱 豪华版,广汽本田皓影底盘下摆臂连接件生锈,"H79,",2020-08-25,处理反馈
513964,华晨宝马,宝马X1,2016款 xDrive20Li 豪华型,华晨宝马X1维修发动机后出现多种故障,"J301,J303,",2020-08-25,信息审核
513963,猎豹汽车,Mattu,2018款 1.6T GDI DCT 舒适型,猎豹Mattu变速箱无法加速 发动机异响,"A9,B334,",2020-08-25,信息审核
513960,吉利汽车,帝豪GL,2020款 1.4T 手动 豪华型,吉利帝豪GL车型配置和减少要求厂家尽快处理,"Q350,",2020-08-25,处理反馈
513958,广汽本田,缤智,2019款 220 TURBO CVT 豪华版 国VI,广汽本田缤智镀铬装饰条腐蚀氧化严重,"H79,H81,",2020-08-25,信息审核
513957,上汽大众,朗行,2017款 1.6L 自动 风尚版,上汽大众朗行大灯龟裂 空调不制冷,"H101,H220,",2020-08-25,信息审核
513955,奔驰（进口）,奔驰A级（进口）,2011款 1.5L  CVT 160,进口奔驰A级仪表提示变速箱故障灯亮,"B96,B84,",2020-08-25,信息审核
513950,上汽大众,朗逸,2018款 1.5L 自动 舒适版 国V,上汽大众朗逸空调漏水漆面生锈严重,"H79,H101,",2020-08-25,用户评分
513949,一汽-大众奥迪,奥迪Q5,2017款 2.0T 40 TFSI 技术型,一汽大众奥迪Q5挂D挡时车身有抖动现象,"H268,",2020-08-25,信息审核
513943,北京现代,领动,2016款 1.6L 自动 智炫·精英型,北京现代领动发动机螺丝渗油车门锈蚀,"A12,H79,",2020-08-25,信息审核
513940,一汽丰田,RAV4荣放,2020款 2.0L CVT 四驱 风尚版,一汽丰田RAV4荣放发动机舱进泥浆,"Q322,",2020-08-25,信息审核
513936,一汽-大众,速腾,2017款 1.6L 自动 舒适型,一汽大众速腾动力不足 换挡顿挫 底盘异响,"A163,B19,G56,",2020-08-25,处理反馈
513929,东风标致,标致408,2015款 1.2T 自动 豪华版,东风标致408发动机烧机油希望尽快处理,"A63,",2020-08-25,处理反馈
513925,广汽本田,奥德赛,2015款 2.4L 至尊版 改款,广汽本田奥德赛发动机异响VTC执行器损坏,"A9,",2020-08-25,处理反馈
513920,一汽-大众,速腾,2018款 280TSI DSG熠动版,一汽大众速腾韩泰轮胎有裂缝希望厂家处理,"F100,",2020-08-25,处理反馈
513919,一汽-大众,探岳,2020款 330TSI 两驱 豪华智联版,一汽大众探岳内饰板电镀层爆皮发动机怠速不稳,"A35,H81,",2020-08-25,处理反馈
513916,东风汽车,御风,2020款 2.3T 经济型 标配版 VAN车 短轴 中顶 3座 WP2.3,东风御风尿素泵故障4S无法提供配件,"H150,",2020-08-25,信息审核
513911,奇瑞汽车,瑞虎3,2014款 1.6L 手动 智尚版 5座,奇瑞瑞虎3车身多处生锈 车内异味严重,"H79,H185,",2020-08-25,处理反馈
513910,北京越野,北京BJ40,2019款 2.3T 自动 四驱 环塔冠军版 国VI,北京BJ40 1600-1900转时油门踏板共振,"A24,A174,B19,H268,",2020-08-25,处理反馈
513903,广汽丰田,丰田C-HR,2018款 2.0L 豪华天窗版 国VI,广汽丰田C-HR漆面起泡 油箱密封圈开裂,"H81,H168,",2020-08-25,处理反馈
513901,东风日产,劲客,2017款 1.5L CVT 智行版,东风日产劲客前挡风玻璃密封胶严重老化,"H168,",2020-08-25,处理反馈
513898,东风启辰,启辰T90,2018款 2.0L CVT 智联领尚版 国VI,启辰T90私自拆卸零件补贴未兑现不开发票,"E29,O353,",2020-08-25,信息审核
513897,北汽银翔,幻速S3L,2016款 1.5L 尊贵型,北汽幻速S3L天窗漏水 经销商无配件,"H90,N318,",2020-08-25,信息审核
513896,上汽大众,途岳,2019款 280TSI 两驱 风尚版 国V,上汽大众途岳发动机故障灯多次报警,"A34,J298,",2020-08-25,处理反馈
513895,东风雪铁龙,C4世嘉,2016款 1.6L 手动 豪华型,东风雪铁龙C4世嘉方向盘松动异响 ABS报警,"D59,D80,E74,",2020-08-25,处理反馈
513894,长城汽车,长城C50,2012款 1.5T 精英型,长城C50车身多处生锈发动机烧机油严重,"A63,G245,H79,H149,",2020-08-25,处理反馈
513888,大众（进口）,途锐,2020款 3.0TSI 锐享版 国VI,进口大众途锐发动机气门室盖垫处漏油,"A12,",2020-08-25,信息审核
513885,东风标致,标致308,2014款 乐享版 经典 1.6L 自动 优尚型,东风标致308变速箱顿挫希望尽快处理,"B19,",2020-08-25,处理反馈
513877,东风标致,标致2008,2020款 230THP 风尚天窗版,东风标致2008 4S店强制要求购买库存车,"K325,",2020-08-25,处理反馈
513876,沃尔沃亚太,沃尔沃S90,2020款 T5 智逸豪华版,沃尔沃亚太S90车内共振异响希望处理,"H268,H164,",2020-08-25,信息审核
513874,沃尔沃亚太,沃尔沃S60新能源,2015款 2.0T 智驭版 E驱混动,沃尔沃S60新能源空调压缩机故障导致不制冷,"H101,",2020-08-25,信息审核
513872,广汽丰田,汉兰达,2018款 2.0T 四驱 尊贵版 7座 国VI,广汽丰田汉兰达低速行驶变速箱顿挫异响,"B33,B19,",2020-08-25,处理反馈
513869,上汽大众,凌渡,2019款 230TSI DSG 视野版 国VI,上汽大众凌渡冷车行驶时刹车盘有异响,"E43,",2020-08-25,处理反馈
513861,北京现代,索纳塔九,2015款 1.6T 双离合 GLS智能型,北京现代索纳塔九导航黑屏死机要求更换,"H134,",2020-08-25,信息审核
513855,上汽大众,桑塔纳,2019款 1.5L 手动 风尚版 国VI,上汽大众桑塔纳发动机运转时噪音大,"A38,",2020-08-25,处理反馈
513854,北京现代,领动,2019款 1.4T 双离合 炫动·活力型,北京现代领动变速箱异响失去动力要求处理,"B33,B334,G117,H79,I295,J298,",2020-08-25,处理反馈
513850,广汽本田,飞度,2014款 1.5L CVT LX舒适型,广汽本田飞度起动机故障导致启动困难,"A44,",2020-08-25,处理反馈
513849,广汽菲克菲亚特,致悦,2014款 1.4T 自动 舒适型,广汽菲亚特致悦行驶中变速箱失去动力,"B334,",2020-08-25,厂家受理
513845,吉利汽车,帝豪GL,2017款 1.8L 手动 精英型,吉利帝豪GL下雨天前车门无法解锁 把手掉漆,"H81,H68,H103,H197,",2020-08-25,处理反馈
513842,一汽大众,捷达VS5,2019款 280TSI 自动 进取型,捷达VS5玲珑轮胎开裂存在质量问题,"F100,",2020-08-25,处理反馈
513841,北京现代,悦动,2018款 1.6L 自动 悦目版 GL 国VI,北京现代悦动发动机出现启动困难,"A44,",2020-08-25,信息审核
513840,东风日产,逍客,2017款 2.0L CVT 精英版 国V,东风日产逍客行驶中变速箱顿挫4S店不予保修,"B19,I297,",2020-08-25,处理反馈
513838,广汽讴歌,讴歌CDX,2018款 2.0L 两驱 创享版 Hybrid,广汽讴歌CDX加速时动力电池异味要求解决,"Q322,",2020-08-25,用户评分
513835,广汽丰田,汉兰达,2018款 2.0T 四驱 豪华版 7座 国V,广汽丰田汉兰达挡把掉皮 挂挡时挡杆处异响,"B184,H179,",2020-08-25,处理反馈
513831,北京现代,领动,2016款 1.6L 自动 智炫·精英型,北京现代领动跑高速时岀现方向卡滞,"D123,",2020-08-25,处理反馈
513830,东风标致,标致4008,2019款 400THP 尝先版,东风标致4008续保押金到期不退还,"K309,",2020-08-25,用户评分
513824,东风日产,奇骏,2014款 2.0L XL CVT 两驱 舒适版,东风日产奇骏行驶中刹车过硬刹车失灵,"E29,E333,",2020-08-25,处理反馈
513823,一汽-大众,高尔夫,2011款 1.6 自动 舒适型,一汽大众高尔夫变速箱故障 离合器飞轮损坏,"B96,C17,",2020-08-25,处理反馈
513821,力帆汽车,轩朗,2017款 1.5T 自动 豪华型,力帆轩朗行驶中熄火全车断电 刹车方向失灵,"A14,B95,D59,G52,H67,",2020-08-25,信息审核
513818,东风汽车,御风,2020款 2.3T 经济型 标配版 物流车 短轴 中顶 5-9座 WP2.3,东风御风发动机气门折断4S店不予保修,"A251,I297,",2020-08-25,信息审核
513816,东风标致,标致408,2018款 350THP 自动 豪华版 改款,东风标致408固特异轮胎开裂要求厂家处理,"F100,",2020-08-25,处理反馈
513810,领克汽车,领克01,2017款 2.0T 自动 两驱 型,领克01倒车影像不显示 车机反馈不准确,"H134,H155,O348,",2020-08-25,处理反馈
513809,吉利汽车,远景X3,2020款 1.5L CVT 尊贵型,吉利远景X3车漆脱落行驶中突然熄火,"A14,H81,",2020-08-25,处理反馈
513808,长安汽车,长安UNI-T,2020款 1.5T 旗舰型,长安UNI-T经销商出售展车不予解决,"I295,M284,",2020-08-25,厂家受理
513806,东风日产,天籁,2019款 2.0L XL 舒适版,东风日产天籁减震器异响刹车异响变速箱顿挫,"B19,E43,G52,",2020-08-25,处理反馈
513805,长城汽车,哈弗H2s,2017款 1.5T 手动 精英型 蓝标,哈弗H2s中控台副驾侧鼓包严重要求处理,"H176,",2020-08-25,处理反馈
513804,一汽-大众奥迪,奥迪Q3,2019款 35 TFSI 进取动感型,一汽大众奥迪Q3安全带锁扣开裂要求解决,"H168,I297,",2020-08-25,信息审核
513802,上汽大众,途昂,2017款 380TSI 四驱 舒适版,上汽大众途昂后排座椅异响维修未解决,"H169,",2020-08-25,处理反馈
513794,一汽-大众,宝来,2019款 改款 1.5L 自动 舒适型 国VI,一汽大众宝来EPC故障灯亮 抖动 加速无力,"A24,A34,A160,",2020-08-25,处理反馈
513792,广汽丰田,汉兰达,2018款 2.0T 两驱 精英版 5座 国V,广汽丰田汉兰达4S店销售赠送贴膜不兑现,"K307,O353,",2020-08-25,用户评分
513790,长城汽车,炮,2019款 2.0T 商用版 手动 四驱 精英型 长箱 GW4D20M 柴油,长城炮变速箱低速四驱异响厂家不予解决,"B33,I295,",2020-08-25,厂家受理
513788,东风本田,思铂睿,2017款 2.0L CVT 经典版,东风本田思铂睿4S店售后承诺保养不兑现,"H146,J298,L314,",2020-08-25,处理反馈
513786,东风雷诺,科雷傲,2017款 2.5L 四驱 尊贵版,东风雷诺科雷傲挡把按钮和空调调节按钮损坏,"H168,",2020-08-25,信息审核
513785,奇瑞汽车,艾瑞泽EX,2019款 1.5L CVT 乐活版 国V,奇瑞艾瑞泽EX车身异响严重变速箱无法加速,"B334,H15,",2020-08-25,用户评分
513784,东风小康,风光330,2018款 1.5L 330S 精典型 国V DK15,东风风光330行驶中右后车轮半轴损坏,"G204,",2020-08-25,处理反馈
513782,一汽-大众奥迪,奥迪A4L,2016款 2.0T CVT 自标准型 典藏版,一汽大众奥迪A4L发动机节温器漏防冻液,"A37,",2020-08-25,信息审核
513779,东风标致,标致408,2014款 1.6T 自动 尊贵版,东风标致408电瓶亏电 4S店不解决问题,"H146,I295,",2020-08-25,处理反馈
513775,广汽本田,冠道,2019款 240TURBO 两驱 舒享版,广汽本田冠道后车窗密封条出现断裂,"H48,",2020-08-25,处理反馈
513772,上汽通用五菱,宝骏630,2011款 1.5L 手动 标准型,宝骏630漆面鼓包希望厂家处理,"H81,",2020-08-25,处理反馈
513755,东风悦达起亚,起亚K3,2016款 1.6L 自动 GLS,东风悦达起亚K3打方向时存在严重异响,"D59,",2020-08-25,处理反馈
513749,一汽-大众奥迪,奥迪A4L,2020款 40 TFSI 时尚动感型,一汽大众奥迪A4L车窗升降异响 热车怠速抖动,"A9,E42,H72,",2020-08-25,信息审核
513748,一汽-大众,速腾,2019款 280TSI DSG 舒适型 国VI,一汽大众速腾新车行驶中变速箱异响,"B33,",2020-08-25,处理反馈
513746,吉利汽车,帝豪GL,2017款 1.3T 手动 精英型,吉利帝豪GL正常行驶中离合器失效影响使用,"C267,J298,J301,",2020-08-25,处理反馈
513745,江淮汽车,瑞风S3,2016款 1.5L 手动 豪华智能型,江淮瑞风S3前胎吃胎严重存在质量问题,"G245,",2020-08-25,处理反馈
513744,福特（进口）,探险者（进口）,2018款 2.3T 精英版,进口福特探险者变速箱外壳漏油希望处理,"B22,",2020-08-25,厂家受理
513738,一汽-大众奥迪,奥迪Q2L,2018款 35TFSI 上市专享版 国Ⅵ,一汽大众奥迪Q2L电瓶故障希望厂家处理,"H146,",2020-08-25,信息审核
513734,奇瑞新能源,艾瑞泽5e,2018款 450 智享版,奇瑞艾瑞泽5e空调不制冷希望处理,"H101,",2020-08-25,厂家受理
513732,吉利汽车,远景S1,2018款 1.4T CVT 锋驰型,吉利远景S1发动机抖动共振希望厂家处理,"A24,H268,",2020-08-25,处理反馈
513730,北京现代,索纳塔九,2016款 2.0L 自动 hybrid HE  智能型,北京现代索纳塔九配件不按时到货价格谎报,"K307,N320,",2020-08-25,处理反馈
513726,东风日产,奇骏,2014款 2.5L XV CVT 四驱 至尊版,东风日产奇骏变速箱顿挫无法加速,"B19,B334,",2020-08-25,处理反馈
513725,一汽-大众,探岳,2019款 330TSI 两驱 豪华型 国Ⅵ,一汽大众探岳大灯透镜发白影响夜间照明,"H82,",2020-08-25,处理反馈
513716,东风本田,艾力绅,2016款 2.4L 经典版,东风本田艾力绅召回换燃油泵导致泄露汽油,"J300,",2020-08-25,处理反馈
513711,一汽-大众,探岳,2020款 330TSI 两驱 豪华智联版Pro,一汽大众探岳车机网络连接异常希望厂家处理,"H155,",2020-08-25,处理反馈
513707,长安马自达,马自达3 昂克赛拉,2017款 1.5L 自动 舒适型 三厢 国V,长安马自达昂克赛拉定损后4S店未喷漆,"N321,",2020-08-25,处理反馈
513701,东风日产,奇骏,2014款 2.0L XL CVT 两驱 舒适版,东风日产奇骏变速器顿挫脱挡 无法加速,"B19,B96,B246,",2020-08-25,处理反馈
513696,BEIJING汽车,BEIJING-X3,2019款 1.5T 手动 荣耀版,北京汽车BEIJING-X3经销商不退订金,"K309,",2020-08-25,处理反馈
513690,上汽大众,朗逸,2017款 1.6L 自动 舒适版,上汽大众朗逸韩泰轮胎龟裂存在质量问题,"F100,",2020-08-25,用户评分
513685,东风日产,阳光,2016款 1.5XE CVT 领先版,东风日产阳光变速箱拖挡4S店拒绝保修,"B69,",2020-08-25,处理反馈
513683,广汽丰田,凯美瑞,2007款 240G 豪华版,广汽丰田凯美瑞中控仪表台软化异味,"H176,",2020-08-25,处理反馈
513682,上汽大众,途安,2011款 1.4TSI DSG 智雅版 5座,上汽大众途安变速箱顿挫希望厂家处理,"B19,",2020-08-25,处理反馈
513680,一汽-大众,迈腾,2015款 1.8TSI 豪华型 改款,一汽大众迈腾轮速传感器故障要求解决,"E74,E62,",2020-08-25,处理反馈
513677,上汽大通,上汽大通MAXUS T60,2019款 2.8T 柴油 手动 四驱 高底盘 先锋版 长厢 国V,上汽MAXUS T60分动器损坏4S店不保修,"H86,I297,",2020-08-25,处理反馈
513673,广汽讴歌,讴歌CDX,2016款 1.5T 两驱尊享版,广汽讴歌CDX升降挡时变速箱顿挫严重,"B19,",2020-08-25,处理反馈
513672,广汽乘用车,传祺GM6,2019款 270T 自动 尊贵版（六座）国VI,广汽传祺GM6方向机和车身抖动要求解决,"D80,H268,H67,",2020-08-25,处理反馈
513671,长城汽车,哈弗H8,2015款 2.0T 四驱 豪华型 5座,哈弗H8保险盒总成故障电瓶故障灯亮,"A9,H146,H110,",2020-08-25,处理反馈
513666,一汽-大众,高尔夫,2010款 1.4TSI 自动 舒适型,一汽大众高尔夫变速箱故障灯亮 挂挡不走,"B334,B77,B115,",2020-08-25,处理反馈
513664,上汽通用五菱,五菱宏光,2015款 1.5L 基本型 S 国V,上汽通用五菱宏光随车工具千斤顶无法使用,"N317,",2020-08-25,处理反馈
513663,北京现代,领动,2016款 1.6L 自动 智炫·精英型,北京现代领动ABS和牵引力控制灯报警,"E74,",2020-08-25,信息审核
513662,吉利汽车,博瑞,2020款 1.5T MHEV 耀尊版,吉利博瑞发动机抖动严重希望处理,"A24,",2020-08-25,处理反馈
513658,上汽大众,朗逸,2019款 1.5L 自动 风尚版 国VI,上汽大众朗逸发动机漏油维修未解决问题,"A12,",2020-08-25,处理反馈
513656,一汽大众,捷达VS5,2019款 280TSI 自动 进取型,捷达VS5后视镜调节失灵 4S店不提供合同,"H211,I293,L313,O353,",2020-08-25,厂家受理
513652,上汽大众,途观L,2018款 330TSI 自动 两驱 旗舰版,上汽大众途观L变速箱无法提速存在质量问题,"B334,",2020-08-25,处理反馈
513650,东风日产,奇骏,2019款 2.0L CVT 舒适版 5座 2WD,东风日产奇骏大灯进水 反光碗出现腐蚀,"H88,",2020-08-25,处理反馈
513649,上汽大众,朗逸,2017款 1.6L 自动 舒适版,上汽大众朗逸刹车时前轮位置存在异响,"E43,",2020-08-25,用户评分
513648,东风日产,轩逸,2016款 1.6XL CVT 尊享版,东风日产轩逸变速箱挂挡抖动 发动机熄火,"A14,B95,",2020-08-25,处理反馈
513642,一汽-大众,迈腾,2019款 330TSI DSG 领先型 国V,一汽大众迈腾变速箱故障机电单元损坏,"B84,",2020-08-25,用户评分
513641,东风日产,劲客,2017款 1.5L CVT 智行版,东风日产劲客优科豪马轮胎鼓包起皮,"F186,F39,",2020-08-25,处理反馈
513638,吉利汽车,经典帝豪,2012款 1.5L 手动 超悦型 两厢,吉利经典帝豪车身腐蚀生锈希望处理,"H79,",2020-08-25,处理反馈
513637,东风日产,骐达TIIDA,2016款 1.6L CVT 酷动版,东风日产骐达变速箱异响很严重希望处理,"B33,",2020-08-25,处理反馈
513629,广汽本田,飞度,2004款 两厢飞度 1.5 AT CVT,广汽本田飞度行驶中变速箱顿挫刹车抖动,"B19,E111,",2020-08-25,处理反馈
513623,东风标致,标致408,2015款 1.2T 自动 豪华版,东风标致408固特异轮胎出现裂纹影响安全,"F100,",2020-08-25,厂家受理
513619,比亚迪,比亚迪S6,2013款 劲悦版 2.0L 手动 精英型 5座,比亚迪S6车身漆面起泡开裂希望处理,"H81,",2020-08-25,用户评分
513615,吉利汽车,帝豪GL,2019款 1.4T 手动 精英智享型,吉利帝豪GL底盘异响 车门生锈 换挡异响,"B20,C65,G52,H79,",2020-08-25,用户评分
513613,东风日产,奇骏,2014款 2.0L XL CVT 两驱 舒适版,东风日产奇骏变速箱顿挫希望厂家解决,"B19,",2020-08-25,处理反馈
513612,广汽丰田,YARiS L 致享,2017款 1.3E 手动 魅动版,广汽丰田致享4S店不给机动车登记证尾灯异物,"H82,O353,",2020-08-25,处理反馈
513607,一汽-大众,探岳,2019款 330TSI 两驱 豪华型 国V,一汽大众探岳大灯透镜脏污影响驾驶安全,"H82,",2020-08-25,处理反馈
513602,一汽奔腾,奔腾T77,2019款 230 TID 自动 尊享型 国V,一汽奔腾T77金属件有锈迹希望厂家解决,"H79,",2020-08-25,处理反馈
513593,一汽-大众,探岳,2019款 330TSI 两驱 豪华型 国Ⅵ,一汽大众探岳大灯透视发白影响驾驶安全,"H82,",2020-08-25,处理反馈
513590,众泰汽车,众泰T600,2016款 2.0T  自动 尊贵型 运动版,众泰T600变速箱无法换挡 温度过高,"B246,",2020-08-25,信息审核
513588,一汽-大众奥迪,奥迪Q3,2020款 35 TFSI 时尚动感型,一汽大众奥迪Q3底盘异响 变速箱换挡异响,"B33,G56,I293,",2020-08-24,信息审核
513587,上汽通用五菱,五菱荣光新卡,2018款 1.5L双排L3C,上汽通用五菱荣光新卡经销商出售库存车,"A160,M283,",2020-08-24,处理反馈
513586,奇瑞汽车,艾瑞泽5,2018款 1.5L CVT 致敬青春版,奇瑞艾瑞泽5起步刹车异响 门框掉漆,"E43,H81,H119,",2020-08-24,处理反馈
513582,华晨宝马,宝马3系,2016款 316i 时尚型,华晨宝马3系转向沉重 故障灯亮希望处理,"D156,D291,H203,",2020-08-24,信息审核
513578,上汽大众,途观,2016款 280TSI 自动 两驱 丝绸之路舒适版,上汽大众途观发动机EPC故障灯亮多次返修,"A34,J298,",2020-08-24,处理反馈
513577,一汽大众,捷达VS7,2020款 1.4T 自动 悦享型,捷达VS7前风挡漏水 后视镜异响 刹车异响,"E43,H109,H211,",2020-08-24,处理反馈
513570,北京现代,途胜,2015款 1.6T   双离合 两驱 智能型,北京现代途胜冷启动发动机抖动严重,"A24,",2020-08-24,信息审核
513569,上汽通用五菱,新宝骏RS-5,2019款 1.5T CVT 智能驾控豪华版 国V,新宝骏RS-5行驶中变速箱失去动力要求解决,"B334,B246,I295,I294,",2020-08-24,用户评分
513567,华晨中华,中华H3,2017款 1.5L 手动 精英型,中华H3转向卡滞异响要求厂家给予解决,"D59,D123,I295,",2020-08-24,信息审核
513563,知豆电动车,知豆D2,2017款 D2S,知豆D2交流转换器无配件厂家不予解决,"I295,N318,",2020-08-24,厂家受理
513560,广汽丰田,雷凌,2019款 185T CVT 豪华版 国V,广汽丰田雷凌发动机异响4S店无法解决,"A9,I295,",2020-08-24,处理反馈
513559,上汽大众,途岳,2020款 280TSI 两驱 豪华版 国VI,上汽大众途岳换挡时变速箱低速异响顿挫,"B33,B19,",2020-08-24,处理反馈
513558,北京现代,名图,2017款 1.8L 自动 智能型 GLS 国V,北京现代名图发动机异响4S店无法解决,"A9,",2020-08-24,信息审核
513550,比亚迪,比亚迪S7,2015款 2.0T 自动 尊贵型,比亚迪S7变速箱顿挫 方向盘抖动 行驶跑偏,"B19,D80,G56,G117,",2020-08-24,处理反馈
513549,华晨宝马,宝马3系,2019款 320Li M运动曜夜版,华晨宝马3系主驾驶侧遮阳板连接杆断裂,"H168,",2020-08-24,厂家受理
513548,长安汽车,长安UNI-T,2020款 1.5T 尊贵型,长安UNI-T正常行驶过程中转向系统锁死,"D123,",2020-08-24,用户评分
513538,东风本田,杰德,2020款 1.8L 自动 舒适版,东风本田杰德发动机异响开启空调怠速抖动,"A9,A35,H121,",2020-08-24,处理反馈
513528,一汽-大众,迈腾,2019款 330TSI DSG 豪华型 国V,一汽大众迈腾中控台石英钟和仪表盘裂纹,"H168,",2020-08-24,用户评分
513523,长安汽车,长安CS55,2018款 1.5T 自动 炫色型 国V,长安CS55更换配件后发动机异响更加严重,"A9,",2020-08-24,信息审核
513518,广汽丰田,雷凌,2017款 185T CVT 精英版 国V 改款,广汽丰田雷凌行驶不平整路段中控台异响,"H93,",2020-08-24,处理反馈
513516,上汽通用五菱,宝骏310W,2017款 1.5L 手动 舒适型 国VI,宝骏310W方向盘助力失效4S店更换非原厂配件,"D265,N319,",2020-08-24,用户评分
513514,一汽-大众,宝来,2016款 1.6L 自动 舒适型,一汽大众宝来天窗密封不到位导致漏水,"H90,",2020-08-24,处理反馈
513504,上汽大众,途观L,2017款 330TSI 两驱 豪华版,上汽大众途观L变速箱跳挡希望厂家处理,"B19,B27,B208,",2020-08-24,处理反馈
513502,东风日产,天籁,2020款 2.0L XL 舒适版,东风日产天籁中控黑屏油箱异响希望厂家处理,"H134,H147,",2020-08-24,处理反馈
513495,长安汽车,长安CS85 COUPE,2019款 1.5T DCT 动版 国VI,长安CS85 COUPE变速箱顿挫希望厂家处理,"A14,B19,",2020-08-24,信息审核
513489,华晨宝马,宝马X1,2018款 sDrive18Li 尊享型,华晨宝马X1天窗异响希望厂家处理问题,"H89,",2020-08-24,处理反馈
513487,长安汽车,欧力威,2013款 1.2 手动 精英版,长安欧尚欧力威方向盘沉重升降器有故障,"D156,H67,",2020-08-24,信息审核
513483,一汽-大众,宝来,2020款 1.5L 自动 精英型,一汽大众宝来发动机抖动希望尽快处理,"A24,",2020-08-24,处理反馈
513473,东风悦达起亚,起亚KX7,2017款 2.0T 四驱 DLX,东风悦达起亚KX7起步抖动 动力消失,"A24,B95,",2020-08-24,处理反馈
513472,长安跨越,新豹3,2019款 1.5L 标准型 双排 后单轮 标准 货箱DK15C,长安跨越新豹3变速箱破损希望尽快处理,"B22,B77,",2020-08-24,处理反馈
513467,东风日产,天籁,2016款 2.0L XL 舒适版 改款,东风日产天籁变速箱阀体故障要求延保,"B84,",2020-08-24,处理反馈
513465,上汽大众,帕萨特新能源,2019款 430PHEV 混动 豪华版,上汽大众帕萨特新能源混合动力出现故障	,"A34,",2020-08-24,信息审核
513460,长安汽车,长安CS55,2017款 1.5T 手动 炫色型,长安CS55打方向异响 维修后未解决,"D59,",2020-08-24,信息审核
513458,长城汽车,欧拉黑猫,2021款 351km 标准型,欧拉黑猫远程控制无法使用 蓝牙无法控制,"H155,",2020-08-24,处理反馈
513456,华晨宝马,宝马5系,2019款 530Li xDrive M运动套装,华晨宝马5系方向机异响 售后不予保修,"D59,I297,",2020-08-24,处理反馈
513448,东风日产,逍客,2016款 2.0L CVT 精英版,东风日产逍客保养之后变速箱故障,"B84,",2020-08-24,处理反馈
513444,东风标致,标致307,2010款 307两厢 2.0 自动 运动版,东风标致307油箱多功能阀破裂导致有汽油味,"H271,",2020-08-24,用户评分
513443,东风风行,景逸X5,2017款 1.5T CVT 尊享型 劲享系列,东风风行景逸X5车身漏水导致仪表失灵,"H109,",2020-08-24,处理反馈
513435,东风雪铁龙,雪铁龙C5,2012款 2.0 自动 尊享型,东风雪铁龙C5车窗升降器故障希望更换处理,"H67,",2020-08-24,用户评分
513434,奇瑞汽车,艾瑞泽5,2017款 1.5L 手动 领潮版,奇瑞艾瑞泽5整车故障多厂家不予解决,"I295,I293,",2020-08-24,厂家受理
513430,一汽奔腾,奔腾T77,2020款 PRO 280 TID 自动 尊享型,一汽奔腾T77空调排水管堵塞 导致车内积水,"H101,",2020-08-24,处理反馈
513415,DS汽车,DS 7,2018款 45THP 里沃利先锐版,长安标致雪铁龙DS7车窗异响厂家未解决问题	,"H72,",2020-08-24,信息审核
513414,一汽-大众奥迪,奥迪Q5L,2018款 45 TFSI 尊享时尚型 国V,一汽大众奥迪Q5L全轮驱动故障灯报警,"H86,",2020-08-24,信息审核
513408,北京现代,现代ix35,2019款 2.0L 自动 两驱 智勇·畅享版 国VI,北京现代ix35发动机油耗无故增多,"A85,",2020-08-24,处理反馈
513407,一汽-大众,高尔夫,2020款 挚爱版 280TSI DSG 舒适型,一汽大众高尔夫发动机漏防冻液希望处理,"A37,",2020-08-24,处理反馈
513404,一汽-大众奥迪,奥迪A4L,2013款 2.0T 自动 舒适型,一汽大众奥迪A4L机油损耗异常 发动机漏油,"A12,A63,",2020-08-24,信息审核
513400,东风标致,标致5008,2017款 350THP 精英版 7座,东风标致5008转向异响4S店维修后未解决,"D59,J298,",2020-08-24,处理反馈
513397,奇瑞汽车,瑞虎7,2016款 1.5T 手动 电商版,奇瑞瑞虎7离合器不回弹导致无法挂挡,"C267,",2020-08-24,处理反馈
513396,一汽-大众,探岳,2019款 330TSI 两驱 豪华型 国V,一汽大众探岳大灯透镜出现裂纹亮度不足,"H82,H220,I295,",2020-08-24,处理反馈
513395,中兴汽车,领主,2016款 2.5T 两驱 豪华型JE4D25E,中兴领主三元催化器破损厂家拒绝索赔,"H54,Q322,",2020-08-24,信息审核
513392,一汽丰田,皇冠,2015款 2.0T 时尚版,一汽丰田皇冠方向盘掉皮希望处理	,"H168,",2020-08-24,信息审核
513389,广汽本田,锋范经典,2012款 1.5L 手动 舒适版,广汽本田锋范发动机仓内部件生锈要求解决,"H79,",2020-08-24,处理反馈
513384,上汽大众,凌渡,2015款 280TSI 手动 舒适版,上汽大众凌渡车内异味严重希望处理,"H185,",2020-08-24,处理反馈
513379,长安马自达,马自达3 昂克赛拉,2020款 2.0L 自动 质雅版,长安马自达昂克赛拉转向沉重4S店不予解决,"D156,I295,",2020-08-24,处理反馈
513371,大众（进口）,Passat,2011款 2.0T 舒适型 旅行版,进口大众Passat半轴异响4S店不予保修,"G227,I297,",2020-08-24,信息审核
513369,长安马自达,马自达3 昂克赛拉,2017款 1.5L 自动 豪华型 三厢 国V,长安马自达昂克赛拉行驶中发动机抖动,"A24,",2020-08-24,处理反馈
513367,东风悦达起亚,KX3傲跑,2020款 1.5L CVT 智慧版,东风悦达起亚KX3傲跑中控屏死机中控台异响,"H134,H93,H155,H179,",2020-08-24,处理反馈
513366,上汽大众,凌渡,2019款 280TSI DSG 豪华版 国V,上汽大众凌渡变速箱升挡时异响严重,"B33,",2020-08-24,处理反馈
513363,吉利汽车,帝豪GL,2017款 1.8L 自动 精英型,吉利帝豪GL下雨天车门无法开启希望处理,"H149,",2020-08-24,处理反馈
513361,上汽大众,朗逸,2018款 1.5L 自动 风尚版 经典 国VI,上汽大众朗逸熄火后油箱位置异响严重,"H147,I294,",2020-08-24,处理反馈
513357,长城汽车,哈弗H6 Coupe,2016款 1.5T 自动 两驱精英型,哈弗H6 Coupe电子系统故障多项功能失灵,"H110,",2020-08-24,处理反馈
513350,奇瑞汽车,艾瑞泽5,2016款 1.5L CVT 领锐版,奇瑞艾瑞泽5行驶中天窗自动开启无法关闭,"H89,H192,",2020-08-24,处理反馈
513348,东风标致,标致3008,2013款 1.6T 自动 THP至尚版,东风标致3008进气系统故障发动机故障灯亮,"A34,",2020-08-24,处理反馈
513346,东风标致,标致408,2016款 1.6T 自动 豪华版,东风标致408方向盘按键有掉皮的现象,"H168,",2020-08-24,信息审核
513342,起亚（进口）,索兰托,2013款 2.2T 豪华版 柴油 7座,进口起亚索兰托高压油泵故障要求免费更换,"H78,",2020-08-24,信息审核
513338,华晨宝马,宝马3系,2020款 325Li M运动曜夜套装,华晨宝马3系发动机热量管理模块故障,"A191,L310,",2020-08-24,用户评分
513330,上汽大众,凌渡,2019款 280TSI DSG 舒适版 国VI,上汽大众凌渡发动机爆震 变速箱顿挫有异响,"A18,B33,B19,M283,",2020-08-24,处理反馈
513324,吉利汽车,帝豪GL,2017款 1.8L 自动 精英型,吉利帝豪GL仪表盘玻璃外罩开裂质量差,"H168,",2020-08-24,处理反馈
513323,华晨宝马,宝马3系,2020款 325Li 首发版,华晨宝马3系左后尾灯出现裂纹厂家拒绝保修,"H220,I297,",2020-08-24,处理反馈
513318,广汽丰田,汉兰达,2018款 2.0T 四驱 至尊版 7座 国VI,广汽丰田汉兰达变速箱 方向盘及刹车异响,"B33,D59,E43,H72,",2020-08-24,处理反馈
513317,DS汽车,DS 5LS,2014款 1.6T 自动 豪华版 THP200,长安标致雪铁龙DS 5LS事故车维修没有配件 ,"N318,",2020-08-24,信息审核
513310,一汽-大众奥迪,奥迪Q5,2013款 40 TFSI 自动 技术型,一汽大众奥迪Q5车内有异味影响身体健康,"H185,",2020-08-24,信息审核
513308,上汽大众,朗逸,2017款 1.6L 手动 风尚版,上汽大众朗逸变速箱异响倒挡无法解除,"B33,B20,",2020-08-24,处理反馈
513303,比亚迪,比亚迪S7,2015款 2.0T 自动 豪华型,比亚迪S7因偶发性漏水导致异响抖动,"H109,",2020-08-24,处理反馈
513302,长安汽车,锐程CC,2020款 1.5T 自动 潮锐型,长安锐程CC车门多处生锈 气囊故障灯亮,"H79,H103,",2020-08-24,厂家受理
513301,奇瑞汽车,瑞虎3x,2017款 1.5L 自动 时尚版,奇瑞瑞虎3x行驶过程中发动机突然熄火,"A14,",2020-08-24,处理反馈
513297,一汽-大众,速腾,2015款 230TSI  手动 豪华型,一汽大众速腾电网控制单元出现故障,"H110,",2020-08-24,处理反馈
513296,东风日产,轩逸,2019款 1.6XV CVT 智联尊享版 国VI,东风日产轩逸刹车时油箱异响明显,"H147,",2020-08-24,处理反馈
513294,上汽通用五菱,新宝骏RM-5,2019款 1.5T CVT 24小时在线 尊贵型 6座,新宝骏RM-5变速箱挂挡顿挫严重 车机死机,"B19,B115,B184,H155,J298,",2020-08-24,处理反馈
513290,一汽-大众,高尔夫,2019款 200TSI DSG 舒适进取版 国VI,一汽大众高尔夫预定与所提车型年款不同,"M280,",2020-08-24,用户评分
513288,奔驰（进口）,奔驰GLE,2016款 320 4MATIC 动感型,进口奔驰GLE行驶中车顶配件掉落要求处理,"H179,",2020-08-24,信息审核
513287,上汽通用五菱,五菱宏光,2013款 1.5L 舒适型L2B,上汽通用五菱宏光车身生锈车漆起泡脱落,"H79,H81,",2020-08-24,处理反馈
513286,东风雪铁龙,世嘉,2016款 1.6L 手动 品尚型 经典,东风雪铁龙世嘉减震器弹簧断裂,"G204,",2020-08-24,处理反馈
513284,上汽大众,Polo,2016款 1.4L 自动 风尚型,上汽大众Polo经销商售后不退还储值卡余额,"I293,L314,",2020-08-24,处理反馈
513282,奇瑞汽车,瑞虎7,2020款 1.5T CVT 豪华型,奇瑞瑞虎7左尾灯灯罩磨损4S店不予解决,"H220,I295,",2020-08-24,处理反馈
513281,上汽大通,上汽大通MAXUS V80,2019款 2.5T 经典款 AMT 傲运通 长轴 中顶 7座,上汽大通MAXUS V80 DPF堵塞行驶中熄火,"A255,A114,",2020-08-24,用户评分
513278,一汽-大众奥迪,奥迪A4L,2019款 40 TFSI 时尚型 国VI,一汽大众奥迪A4L变速箱换挡异响抖动顿挫,"B33,B19,B95,",2020-08-24,信息审核
513276,一汽-大众,速腾,2018款 280TSI DSG熠动版,一汽大众速腾发动机高压泵异响厂家未解决,"A9,",2020-08-24,处理反馈
513275,广汽丰田,凯美瑞,2019款 2.0G 豪华版 国VI,广汽丰田凯美瑞行驶过程中车内有异响,"H164,",2020-08-24,处理反馈
513259,东风日产,阳光,2015款 1.5XE 手动 大师版,东风日产阳光起步时离合器异响要求解决,"C65,",2020-08-24,处理反馈
513258,吉利汽车,帝豪GL,2017款 1.8L 手动 精英型,吉利帝豪GL下雨天车门打不开希望处理,"H197,",2020-08-24,用户评分
513256,东风雪铁龙,雪铁龙C4L,2014款 1.6THP 自动 智驱版 劲智型,东风雪铁龙C4L发动机烧机油 链条异响,"A63,A45,I297,J306,",2020-08-24,处理反馈
513254,一汽丰田,亚洲龙,2019款 2.5L 进取版 国Ⅵ,一汽丰田亚洲龙刹车异响 A柱车门异响,"E43,H15,",2020-08-24,信息审核
513248,东风雪铁龙,雪铁龙C4L,2013款 1.6THP 自动 劲享版,东风雪铁龙C4L转向柱松动影响安全,"D337,I297,",2020-08-24,厂家受理
513243,上汽大众,朗逸,2019款 280TSI DSG 豪华版 国VI,上汽大众朗逸低速行驶中变速箱异响,"B33,",2020-08-24,用户评分
513240,长城汽车,WEY VV5,2019款 1.5T 两驱 颜先锋,WEY VV5发动机故障灯亮 变速箱顿挫,"A34,B19,B20,",2020-08-24,信息审核
513239,众泰汽车,芝麻,2018款 eZ 翼享版,众泰芝麻右后刹车分泵损坏漏油影响安全,"E196,N318,",2020-08-24,厂家受理
513236,一汽-大众奥迪,奥迪A4L,2020款 40 TFSI 豪华动感型,一汽大众奥迪A4L车轮异响严重希望处理,"G125,",2020-08-24,信息审核
513234,吉利汽车,帝豪GL,2017款 1.8L 手动 精英型,吉利帝豪GL下雨天车门打不开希望处理,"H197,",2020-08-24,处理反馈
513233,奔驰（进口）,奔驰C级（进口）,2016款 180 旅行轿车,进口奔驰C级转向机故障沉重失灵望厂家解决,"D156,D57,D265,",2020-08-24,信息审核
513232,广汽本田,凌派,2017款 1.8L CVT 舒适特装版,广汽本田凌派风扇电机故障导致无法工作,"A191,",2020-08-24,用户评分
513229,长安汽车,逸动DT,2018款 1.6L 手动 智享型,长安逸动DT转向柱生锈希望厂家处理,"H79,",2020-08-24,厂家受理
513228,众泰汽车,众泰E200,2018款 飞鱼座,众泰E200制动总泵损坏充电机损坏厂家无货,"E29,E196,H340,N318,",2020-08-24,信息审核
513227,长安汽车,长安CS55 PLUS,2020款 1.5T 手动 炫色型,长安CS55 PLUS行驶过程中发动机和车门异响,"A9,G204,H72,",2020-08-24,信息审核
513218,东风日产,天籁,2013款 2.0L XL 舒适版,东风日产天籁车内异味 发动机烧机油,"A63,B22,D58,F100,H185,",2020-08-24,处理反馈
513216,北京现代,朗动,2016款 1.6L 自动 智能型,北京现代朗动中控屏黑屏无法正常使用,"H134,",2020-08-24,处理反馈
513214,上汽大众,朗逸,2010款 1.4TSI DSG运动版,上汽大众朗逸后排进水更换密封条未解决,"H109,",2020-08-24,处理反馈
513212,一汽大众,捷达VS5,2019款 280TSI 自动 荣耀型,捷达VS5正常行驶中底盘异响希望得到解决,"G56,",2020-08-24,处理反馈
513210,一汽丰田,威驰,2017款 1.3L CVT 锐行版,一汽丰田威驰行驶中发动机异响4S店不处理,"A9,",2020-08-24,信息审核
513208,长安马自达,马自达3 昂克赛拉,2019款 云控版 两厢 1.5L 自动 豪华型 国V,长安马自达昂克赛拉汽油泵故障行驶中熄火,"H78,",2020-08-24,用户评分
513206,东风本田,本田CR-V,2019款 锐·混动 2.0L 四驱 净享版 国V,东风本田CR-V行驶中ACC感应失灵,"H170,",2020-08-24,处理反馈
513202,东风本田,本田CR-V,2019款 耀目版 240TURBO CVT 两驱 舒适版 国VI,东风本田CR-V轮胎吃胎偏磨要求解决,"G245,",2020-08-24,处理反馈
513190,一汽-大众,速腾,2018款 280TSI 双离合 舒适型,一汽大众速腾踩油门加速变速箱有异响,"B33,",2020-08-24,用户评分
513181,广汽丰田,凯美瑞,2018款 2.5HG E-CVT 豪华版,广汽丰田凯美瑞普利司通轮胎凹槽开裂,"F100,",2020-08-24,处理反馈
513180,奥迪（进口）,奥迪S3,2015款 2.0T Limousine,进口奥迪S3变速箱报警 发动机漏防冻液,"A37,B96,B115,",2020-08-24,信息审核
513178,吉利汽车,帝豪GL,2019款 1.4T CVT 尊贵智享版,吉利帝豪GL发动机和变速箱故障灯多次报警,"A34,B96,I295,",2020-08-24,用户评分
513176,华晨宝马,宝马X1,2020款 sDrive25Li 领先型,华晨宝马X1变速箱无法挂挡副驾安全带故障,"B20,B184,H118,",2020-08-24,处理反馈
513174,众泰汽车,大迈X7,2017款 1.5T 手动 豪华型,离合器异响,"C,",2020-08-24,厂家受理
513173,上汽斯柯达,速派,2013款 1.4T DSG 绅仕版,斯柯达速派发动机烧机油 故障灯亮,"A34,A63,",2020-08-24,用户评分
513171,一汽-大众,宝来,2020款 1.5L 自动 舒适型,一汽大众宝来引擎盖车漆开裂4S店否认问题,"H81,",2020-08-24,处理反馈
513169,北京现代,领动,2016款 1.6L 自动 智炫·精英型,北京现代领动空调面板开裂希望尽快处理,"H168,",2020-08-24,处理反馈
513167,BEIJING汽车,绅宝D70,2018款 性能版 1.8T 舒适版,北汽绅宝D70发动机抖动 熄火 碳罐进油,"A24,A14,H271,",2020-08-24,处理反馈
513162,广汽丰田,凯美瑞,2019款 2.5G 豪华版 国VI,广汽丰田凯美瑞副驾驶车门生锈希望处理,"H79,",2020-08-24,处理反馈
513159,上汽大众,途观L,2019款 380TSI 自动 四驱 智动豪华版 国VI,上汽大众途观L主驾驶座椅异响维修未解决,"H169,",2020-08-24,用户评分
513156,一汽-大众奥迪,奥迪A4L,2017款 2.0T 双离合 运动型 Plus,一汽大众奥迪A4L右前大灯内有雪花状裂纹,"H220,",2020-08-24,信息审核
513152,上汽大众,途观,2017款 300TSI 自动 两驱 丝绸之路舒适版,上汽大众途观发动机转速高车速却很低,"B20,",2020-08-24,处理反馈
513150,一汽丰田,奕泽IZOA,2020款 2.0L 奕驰版,一汽丰田奕泽旧车置换补贴不兑现,"L313,",2020-08-24,信息审核
513144,比亚迪,比亚迪F0,2010款 尚酷爱国版 1.0 手动 铉酷型,比亚迪F0底盘锈蚀严重希望尽快处理,"H79,",2020-08-24,处理反馈
513127,吉利汽车,帝豪GL,2017款 1.3T 手动 精英型,吉利帝豪GL副驾驶座椅缝线开裂海绵漏出,"H168,",2020-08-24,处理反馈
513123,广汽本田,飞度,2014款 1.5L CVT LX舒适型,广汽本田飞度变速箱漏油希望尽快解决,"B22,",2020-08-24,处理反馈
513120,奇瑞汽车,瑞虎5x,2019款 1.5L CVT 智享版,瑞虎5x变速箱上坡时无法加速望厂家解决,"B334,",2020-08-24,处理反馈
513118,领克汽车,领克01,2017款 2.0T 自动 两驱 型 Pro,领克01车辆在拖车过程中疑似进水,"J299,",2020-08-24,用户评分
513117,众泰汽车,众泰E200,2018款 Pro,众泰E200动力电池经常断开无法行驶,"H343,",2020-08-24,信息审核
513116,广汽丰田,雷凌,2017款 1.2T G CVT 精英版,广汽丰田雷凌变速箱漏油质保期内未告知,"B22,",2020-08-24,处理反馈
513115,一汽-大众,探岳,2019款 征途版 280TSI 两驱 豪华型 国Ⅵ,一汽大众探岳大灯透镜白雾影响夜间照明安全,"H82,",2020-08-24,处理反馈
513113,北京现代,领动,2016款 1.6L 自动 智炫·精英型,北京现代领动4S店维修后门锁故障,"H197,J300,",2020-08-23,信息审核
513100,SWM斯威汽车,SWM斯威G01,2019款 1.5T 手动 智UP 国V,斯威G10车辆购买前重新做过漆要求解决,"M284,",2020-08-23,信息审核
513098,北京奔驰,奔驰C级,2015款 200 L,北京奔驰C级发动机进气凸轮轴移位,"A34,",2020-08-23,信息审核
513096,上汽斯柯达,昊锐,2009款 1.8TSI 自动 贵雅版,斯柯达昊锐车内刺鼻异味严重无法解决,"H185,",2020-08-23,处理反馈
513095,上汽大众,朗逸,2019款 280TSI DSG 舒适版 国VI,上汽大众朗逸变速箱异响希望尽快解决,"B33,",2020-08-23,用户评分
513093,一汽-大众奥迪,奥迪A6L,2020款 40 TFSI 豪华动感型,一汽大众奥迪A6L低速行驶变速箱抖动异响,"B33,B95,",2020-08-23,信息审核
513089,一汽-大众奥迪,奥迪A6L,2020款 45 TFSI 臻选动感型,一汽大众奥迪A6L变速箱异响4S店无法解决,"B33,B95,I295,J298,",2020-08-23,信息审核
513086,东风本田,思铂睿,2013款 2.4L 自动 TYPE-S,东风本田思铂睿行驶中转向沉重要求解决,"D156,D291,",2020-08-23,用户评分
513085,广汽本田,雅阁,2016款 2.0L CVT 精英版,广汽本田雅阁右侧日间行车灯不亮要求解决,"H82,",2020-08-23,处理反馈
513078,一汽-大众,T-ROC探歌,2018款 280TSI DSG 两驱 舒适型 国V,一汽大众T-ROC探歌大灯亮度不足要求处理,"H82,",2020-08-23,用户评分
513077,一汽-大众,速腾,2015款 1.6L  自动 舒适型,一汽大众速腾轮速传感器多次报警要求解决,"E62,N317,",2020-08-23,处理反馈
513076,一汽-大众奥迪,奥迪A4L,2019款 40 TFSI 时尚型 国V,一汽大众奥迪A4L车身镀铬亮条氧化严重,"H81,",2020-08-23,信息审核
513075,奇瑞汽车,捷途X70,2018款 1.5T 手动 畅行版,捷途X70经销商承诺免费保养不兑现,"L313,",2020-08-23,用户评分
513068,上汽大众,途安,2018款 途安L 280TSI 自动 豪华版 7座,上汽大众途安左侧A柱三角窗处传出异响,"H164,I295,",2020-08-23,处理反馈
513065,奇瑞汽车,瑞虎7,2020款 1.6T DCT 型 PRO,奇瑞瑞虎7底盘多处生锈4S店修出新故障,"H79,J300,",2020-08-23,处理反馈
513061,广汽丰田,凯美瑞,2008款 240G 2.4 自动 豪华版,广汽丰田凯美瑞仪表台出油反光影响驾驶安全,"H176,",2020-08-23,处理反馈
513060,BEIJING汽车,绅宝D50,2014款 1.5L 手动 精英版,绅宝D50安全气囊故障灯亮无法消除,"H103,",2020-08-23,处理反馈
513058,一汽-大众,探岳,2020款 330TSI 两驱 豪华智联版,一汽大众探岳刹车失灵 大灯亮度过低,"E29,H82,",2020-08-23,处理反馈
513052,华晨宝马,宝马X1,2015款 xDrive20i 时尚型,华晨宝马X1转向时失去助力故障灯亮,"D156,D291,",2020-08-23,处理反馈
513049,江铃福特,全顺,2017款 2.0T 多功能商用车 短轴 低顶 国V 柴油,江铃福特全顺三元催化器堵塞导致故障灯亮,"A34,H54,",2020-08-23,处理反馈
513044,广汽本田,凌派,2019款 180Turbo CVT 豪华版 国VI,广汽本田凌派涡轮增压器异响动力不足,"A189,",2020-08-23,处理反馈
513041,一汽-大众,迈腾,2020款 330TSI DSG 豪华型,一起大众迈腾新车机油泄漏4S店出售问题车,"M284,",2020-08-23,用户评分
513037,上汽大众,朗逸,2019款 1.5L 自动 舒适版 国VI,上汽大众朗逸行驶中加速时变速箱异响,"B33,",2020-08-23,处理反馈
513030,广汽丰田,YARiS L 致炫,2016款 1.5E CVT 魅动版 改款,广汽丰田致炫原装韩泰轮胎出现裂纹,"F100,",2020-08-23,处理反馈
513023,广汽本田,飞度,2014款 1.5L CVT LX舒适型,广汽本田飞度冷车启动时发动机异响,"A9,",2020-08-23,处理反馈
513020,一汽-大众,高尔夫,2016款 1.6L  自动 舒适型,一汽大众高尔夫换挡机构故障导致故障灯亮,"B96,B184,",2020-08-23,处理反馈
513019,东风雪铁龙,C4世嘉,2016款 1.6L 手动 豪华型,东风雪铁龙C4世嘉方向盘晃动要求更换,"D80,",2020-08-23,处理反馈
513018,广汽丰田,雷凌,2014款 1.6G CVT 精英版,广汽丰田雷凌变速箱漏油 后减震器漏油,"B22,G25,",2020-08-23,处理反馈
513017,广汽本田,凌派,2019款 180Turbo CVT 豪华版 国VI,广汽本田凌派行驶中涡轮增压器故障无法加速,"A189,",2020-08-23,处理反馈
513012,奇瑞汽车,瑞虎3x,2017款 1.5L 手动 时尚版,奇瑞瑞虎3x前风挡玻璃无故开裂希望处理,"H113,",2020-08-23,用户评分
513011,广汽乘用车,传祺GA8,2017款 280T 尊享版,广汽传祺GA8水管破损渗漏防冻液希望处理,"A37,H168,",2020-08-23,处理反馈
513008,江淮汽车,瑞风S5,2014款 2.0L 手动 尊贵版,江淮瑞风S5发动机掉落厂家不处理,"A241,",2020-08-23,处理反馈
513004,长城汽车,炮,2019款 2.0T 自动 两驱 舒适版 汽油 GW4C20B,长城炮车联网功能无法使用希望尽快处理,"H155,",2020-08-23,处理反馈
513002,一汽-大众,探岳,2019款 330TSI 两驱 豪华型Plus 国VI,一汽大众探岳变速箱异响无法加速,"B33,B334,",2020-08-23,用户评分
512999,上汽大众,朗逸,2019款 280TSI DSG 舒适版 国VI,上汽大众朗逸右前轮刹车异响严重,"E43,",2020-08-23,处理反馈
512998,众泰汽车,众泰E200,2016款 纯电动 三门两座科技版,众泰E200动力电池故障无法行驶无配件,"H343,N318,",2020-08-23,厂家受理
512997,上汽大众,途观,2013款 2.0TSI 自动 四驱 豪华版,上汽大众途观进气管漏油希望处理,"A12,",2020-08-23,处理反馈
512988,一汽-大众,速腾,2017款 230TSI 自动 舒适型,一汽大众速腾高速行驶时多个故障灯亮,"D156,D291,E74,E62,H203,",2020-08-23,处理反馈
512986,东风本田,本田CR-V,2019款 240TURBO CVT 两驱 风尚版 国VI,东风本田CR-V前机盖爆皮车门金属条掉色,"H81,",2020-08-23,处理反馈
512985,北京奔驰,奔驰C级,2016款 200 运动版,北京奔驰C级发动机启动延迟 故障灯亮,"A34,A44,",2020-08-23,信息审核
512982,上汽通用五菱,新宝骏RS-5,2019款 1.5T CVT 智能驾控豪华版 国VI,新宝骏RS-5车门饰条开裂 自动刹车功能不全,"H179,I295,M279,",2020-08-23,处理反馈
512974,一汽吉林,森雅R7,2017款 1.6L 手动 豪华型,一汽吉林森雅R7发动机漏油希望厂家处理,"A12,",2020-08-23,信息审核
512971,上汽大众,朗逸,2018款 1.5L 自动 舒适版 国V,上汽大众朗逸韩泰轮胎开裂存在质量问题,"F100,",2020-08-23,处理反馈
512970,上汽大众,朗逸,2017款 1.6L 自动 舒适版,上汽大众朗逸韩泰轮胎出现裂口严重影响安全,"F100,",2020-08-23,用户评分
512966,东风本田,本田XR-V,2020款 1.5L CVT 舒适版,东风本田XR-V 4S店收取购车意向金不予退还,"K309,",2020-08-23,处理反馈
512962,一汽-大众,速腾,2019款 200TSI DSG 舒适型 国V,一汽大众速腾换挡时变速箱有异响,"B33,",2020-08-23,用户评分
512959,一汽-大众,速腾,2018款 280TSI DSG熠动版,一汽大众速腾四条韩泰轮胎出现裂纹,"F100,",2020-08-23,用户评分
512955,广汽丰田,凯美瑞,2018款 2.5HG E-CVT 豪华版,广汽丰田凯美瑞机油增多无解决方案,"A339,",2020-08-23,用户评分
512954,华晨宝马,宝马5系,2018款 530Li 领先型 M运动套装 改款,华晨宝马5系4S店维修车辆故意拖延,"I282,L314,",2020-08-23,用户评分
512950,东风本田,本田XR-V,2015款 1.5L LXi CVT经典版,东风本田XR-V发动机启动时异响严重,"A9,",2020-08-23,处理反馈
512948,广汽丰田,凯美瑞,2012款 凯美瑞·尊瑞 2.5 HG 自动 豪华版,广汽丰田凯美瑞混合动力系统故障无法加速,"H343,",2020-08-23,处理反馈
512936,上汽大众,途观L,2019款 330TSI 自动 两驱 R-Line旗舰版 国VI,上汽大众途观L方向盘居中时车辆却向右跑偏,"G117,",2020-08-23,用户评分
512933,众泰汽车,众泰T600,2015款 1.5T 手动 尊贵型,众泰T600副驾驶中控台处有漏水的现象,"H109,",2020-08-23,信息审核
512927,华晨宝马,宝马5系,2020款 530Li 尊享型 M运动套装,华晨宝马5系车机系统一直无法进行升级,"O348,",2020-08-23,处理反馈
512923,一汽丰田,RAV4荣放,2020款 2.0L CVT 两驱 风尚版,一汽丰田RAV4荣放车门 车窗及车身异响,"H72,H15,",2020-08-23,信息审核
512920,北京现代,悦动,2018款 1.6L 自动 悦目版 GL 国V,北京现代悦动车身多处锈蚀影像行车安全,"H79,",2020-08-23,处理反馈
512912,一汽吉林,森雅R9,2018款 1.2T 自动 豪华智尚型,一汽吉林森雅R9变速箱及废气排放系统故障,"A34,B96,",2020-08-23,厂家受理
512908,华晨宝马,宝马5系,2019款 530Li 领先型 豪华套装 改款,华晨宝马5系车内持续异响希望解决,"H164,",2020-08-23,处理反馈
512907,江淮汽车,瑞风M4,2016款 2.0L 豪华型,江淮瑞风M4发动机无故障码抖动,"A24,",2020-08-23,处理反馈
512906,长安马自达,马自达CX-5,2015款 2.5L 自动 四驱 旗舰型,长安马自达CX-5悦联系统屏幕乱跳,"H134,",2020-08-23,处理反馈
512902,广汽本田,凌派,2019款 180Turbo CVT 领先版 国V,广汽本田凌派4S店召回燃油泵后发动机熄火,"A14,",2020-08-23,处理反馈
512900,一汽吉林,森雅R9,2018款 1.2T 自动 豪华智尚型,一汽吉林森雅R9厂家不提供配件无法维修,"N318,",2020-08-23,信息审核
512899,一汽-大众,探岳,2019款 330TSI 两驱 豪华型 国Ⅵ,一汽大众探岳车身低频共振 前后雨刮异响,"H268,H60,",2020-08-23,处理反馈
512898,一汽-大众,捷达,2019款 1.4L 手动 时尚型 梦想版,一汽大众捷达离合器行程长脚感硬 刹车生锈,"C181,E42,",2020-08-23,处理反馈
512897,上汽大众,朗逸,2017款 1.6L 手动 风尚版,上汽大众朗逸车内异味影响身体健康,"H185,",2020-08-23,处理反馈
512892,北汽昌河,昌河Q7,2018款 1.5T CVT 精英型 5座,北汽昌河Q7中控屏卡死无故重启要求解决,"H134,",2020-08-23,处理反馈
512889,东风悦达起亚,福瑞迪,2018款 1.6L 手动 智享天窗版 Value,东风悦达起亚福瑞迪空调压缩机故障不予质保,"H101,I297,",2020-08-23,处理反馈
512884,吉利新能源,星越新能源,2019款 改款 400T 驭星者 纯电动续航80KM,吉利星越新能源车机系统卡顿与宣传不符,"H155,M279,",2020-08-23,处理反馈
512877,吉利汽车,远景X6,2020款 1.4T CVT 亚运版,吉利远景X6底盘生锈车窗和天窗不能自动关闭,"H79,H67,H192,",2020-08-23,处理反馈
512870,一汽-大众,探岳,2019款 330TSI 两驱 豪华型 国Ⅵ,一汽大众探岳车灯亮度低影响夜间行车安全,"H82,",2020-08-23,用户评分
512869,长安马自达,马自达3 昂克赛拉,2020款 2.0L 自动 质炫版,长安马自达昂克赛拉仪表盘方向盘减震器异响,"D59,G52,H72,H202,",2020-08-23,处理反馈
512866,奇瑞汽车,艾瑞泽GX,2019款 Pro 1.5T CVT 型色版 国VI,奇瑞艾瑞泽GX油门踏板抖动4S店查不出原因,"A174,J301,",2020-08-23,处理反馈
512864,一汽-大众奥迪,奥迪A6L,2019款 45 TFSI 臻选动感型,一汽大众奥迪A6L尾灯多处有开裂的现象,"H220,",2020-08-23,信息审核
512862,广汽本田,雅阁,2018款 260TURBO 精英版 国V,广汽本田雅阁踩油门行驶时发动机有异响,"A9,",2020-08-23,处理反馈
512860,DS汽车,DS 7,2018款 45THP 运动版,长安标致雪铁龙DS7尾灯进水严重承诺不兑现,"H88,L313,",2020-08-23,信息审核
512855,东风本田,杰德,2016款 1.8L 自动 舒适精英版 5座,东风本田杰德挂D挡和S挡时车辆无法行驶,"B334,",2020-08-23,用户评分
